Mutation,Peptide
Glu2Gly,MELAALCRWGLL
Glu2Lys,MELAALCRWGLL
Glu2Gln,MELAALCRWGLL
Glu2Val,MELAALCRWGLL
Leu3Val,MELAALCRWGLLL
Ala4Gly,MELAALCRWGLLLA
Ala4Pro,MELAALCRWGLLLA
Ala4Ser,MELAALCRWGLLLA
Ala4Thr,MELAALCRWGLLLA
Ala4Val,MELAALCRWGLLLA
Ala5Asp,MELAALCRWGLLLAL
Ala5Gly,MELAALCRWGLLLAL
Ala5Pro,MELAALCRWGLLLAL
Ala5Thr,MELAALCRWGLLLAL
Ala5Val,MELAALCRWGLLLAL
Leu6Ser,MELAALCRWGLLLALL
Cys7Gly,MELAALCRWGLLLALLP
Cys7Ser,MELAALCRWGLLLALLP
Cys7Ser,MELAALCRWGLLLALLP
Cys7Tyr,MELAALCRWGLLLALLP
Arg8Cys,MELAALCRWGLLLALLPP
Arg8Gly,MELAALCRWGLLLALLPP
Arg8His,MELAALCRWGLLLALLPP
Arg8Pro,MELAALCRWGLLLALLPP
Arg8Ser,MELAALCRWGLLLALLPP
Trp9Cys,MELAALCRWGLLLALLPPG
Trp9Ser,MELAALCRWGLLLALLPPG
Gly10Arg,MELAALCRWGLLLALLPPGA
Gly10Val,MELAALCRWGLLLALLPPGA
Leu11Phe,MELAALCRWGLLLALLPPGAA
Leu11His,MELAALCRWGLLLALLPPGAA
Leu11Pro,MELAALCRWGLLLALLPPGAA
Leu11Arg,MELAALCRWGLLLALLPPGAA
Leu11Val,MELAALCRWGLLLALLPPGAA
Leu12Phe,ELAALCRWGLLLALLPPGAAS
Leu12His,ELAALCRWGLLLALLPPGAAS
Leu12Ile,ELAALCRWGLLLALLPPGAAS
Leu12Pro,ELAALCRWGLLLALLPPGAAS
Leu12Val,ELAALCRWGLLLALLPPGAAS
Leu13Phe,LAALCRWGLLLALLPPGAAST
Leu13His,LAALCRWGLLLALLPPGAAST
Leu13Pro,LAALCRWGLLLALLPPGAAST
Ala14Ser,AALCRWGLLLALLPPGAASTQ
Ala14Thr,AALCRWGLLLALLPPGAASTQ
Ala14Val,AALCRWGLLLALLPPGAASTQ
Leu15Phe,ALCRWGLLLALLPPGAASTQV
Leu15His,ALCRWGLLLALLPPGAASTQV
Leu15Ile,ALCRWGLLLALLPPGAASTQV
Leu15Pro,ALCRWGLLLALLPPGAASTQV
Leu16Phe,LCRWGLLLALLPPGAASTQVC
Leu16Met,LCRWGLLLALLPPGAASTQVC
Leu16Ser,LCRWGLLLALLPPGAASTQVC
Leu16Val,LCRWGLLLALLPPGAASTQVC
Pro17Ala,CRWGLLLALLPPGAASTQVCT
Pro17Leu,CRWGLLLALLPPGAASTQVCT
Pro17Ser,CRWGLLLALLPPGAASTQVCT
Pro17Thr,CRWGLLLALLPPGAASTQVCT
Pro18Leu,RWGLLLALLPPGAASTQVCTG
Pro18Arg,RWGLLLALLPPGAASTQVCTG
Pro18Ser,RWGLLLALLPPGAASTQVCTG
Gly19Ala,WGLLLALLPPGAASTQVCTGT
Gly19Arg,WGLLLALLPPGAASTQVCTGT
Ala20Pro,GLLLALLPPGAASTQVCTGTD
Ala20Val,GLLLALLPPGAASTQVCTGTD
Ala21Gly,LLLALLPPGAASTQVCTGTDM
Ala21Pro,LLLALLPPGAASTQVCTGTDM
Ala21Ser,LLLALLPPGAASTQVCTGTDM
Ala21Thr,LLLALLPPGAASTQVCTGTDM
Ala21Val,LLLALLPPGAASTQVCTGTDM
Ser22Cys,LLALLPPGAASTQVCTGTDMK
Ser22Gly,LLALLPPGAASTQVCTGTDMK
Ser22Asn,LLALLPPGAASTQVCTGTDMK
Ser22Arg,LLALLPPGAASTQVCTGTDMK
Thr23Ile,LALLPPGAASTQVCTGTDMKL
Thr23Ser,LALLPPGAASTQVCTGTDMKL
Gln24Glu,ALLPPGAASTQVCTGTDMKLR
Val25Ala,LLPPGAASTQVCTGTDMKLRL
Val25Glu,LLPPGAASTQVCTGTDMKLRL
Val25Gly,LLPPGAASTQVCTGTDMKLRL
Val25Leu,LLPPGAASTQVCTGTDMKLRL
Val25Met,LLPPGAASTQVCTGTDMKLRL
Cys26Gly,LPPGAASTQVCTGTDMKLRLP
Cys26Ser,LPPGAASTQVCTGTDMKLRLP
Cys26Ser,LPPGAASTQVCTGTDMKLRLP
Cys26Trp,LPPGAASTQVCTGTDMKLRLP
Cys26Tyr,LPPGAASTQVCTGTDMKLRLP
Thr27Ile,PPGAASTQVCTGTDMKLRLPA
Thr27Pro,PPGAASTQVCTGTDMKLRLPA
Thr27Ser,PPGAASTQVCTGTDMKLRLPA
Thr27Ser,PPGAASTQVCTGTDMKLRLPA
Gly28Ala,PGAASTQVCTGTDMKLRLPAS
Gly28Asp,PGAASTQVCTGTDMKLRLPAS
Gly28Arg,PGAASTQVCTGTDMKLRLPAS
Gly28Ser,PGAASTQVCTGTDMKLRLPAS
Gly28Val,PGAASTQVCTGTDMKLRLPAS
Thr29Ala,GAASTQVCTGTDMKLRLPASP
Thr29Ile,GAASTQVCTGTDMKLRLPASP
Thr29Pro,GAASTQVCTGTDMKLRLPASP
Thr29Arg,GAASTQVCTGTDMKLRLPASP
Thr29Ser,GAASTQVCTGTDMKLRLPASP
Asp30Ala,AASTQVCTGTDMKLRLPASPE
Asp30Glu,AASTQVCTGTDMKLRLPASPE
Asp30Gly,AASTQVCTGTDMKLRLPASPE
Asp30His,AASTQVCTGTDMKLRLPASPE
Asp30Val,AASTQVCTGTDMKLRLPASPE
Asp30Tyr,AASTQVCTGTDMKLRLPASPE
Met31Ile,ASTQVCTGTDMKLRLPASPET
Met31Lys,ASTQVCTGTDMKLRLPASPET
Met31Leu,ASTQVCTGTDMKLRLPASPET
Met31Thr,ASTQVCTGTDMKLRLPASPET
Met31Val,ASTQVCTGTDMKLRLPASPET
Lys32Glu,STQVCTGTDMKLRLPASPETH
Lys32Met,STQVCTGTDMKLRLPASPETH
Lys32Asn,STQVCTGTDMKLRLPASPETH
Lys32Thr,STQVCTGTDMKLRLPASPETH
Leu33Pro,TQVCTGTDMKLRLPASPETHL
Leu33Gln,TQVCTGTDMKLRLPASPETHL
Leu33Val,TQVCTGTDMKLRLPASPETHL
Arg34Gly,QVCTGTDMKLRLPASPETHLD
Arg34Leu,QVCTGTDMKLRLPASPETHLD
Arg34Pro,QVCTGTDMKLRLPASPETHLD
Arg34Gln,QVCTGTDMKLRLPASPETHLD
Arg34Trp,QVCTGTDMKLRLPASPETHLD
Leu35Phe,VCTGTDMKLRLPASPETHLDM
Leu35His,VCTGTDMKLRLPASPETHLDM
Leu35Ile,VCTGTDMKLRLPASPETHLDM
Leu35Pro,VCTGTDMKLRLPASPETHLDM
Leu35Val,VCTGTDMKLRLPASPETHLDM
Pro36His,CTGTDMKLRLPASPETHLDML
Pro36Leu,CTGTDMKLRLPASPETHLDML
Pro36Arg,CTGTDMKLRLPASPETHLDML
Pro36Ser,CTGTDMKLRLPASPETHLDML
Pro36Thr,CTGTDMKLRLPASPETHLDML
Ala37Asp,TGTDMKLRLPASPETHLDMLR
Ala37Gly,TGTDMKLRLPASPETHLDMLR
Ala37Pro,TGTDMKLRLPASPETHLDMLR
Ala37Ser,TGTDMKLRLPASPETHLDMLR
Ala37Thr,TGTDMKLRLPASPETHLDMLR
Ala37Val,TGTDMKLRLPASPETHLDMLR
Ser38Cys,GTDMKLRLPASPETHLDMLRH
Ser38Gly,GTDMKLRLPASPETHLDMLRH
Ser38Asn,GTDMKLRLPASPETHLDMLRH
Ser38Arg,GTDMKLRLPASPETHLDMLRH
Ser38Thr,GTDMKLRLPASPETHLDMLRH
Pro39Ala,TDMKLRLPASPETHLDMLRHL
Pro39Leu,TDMKLRLPASPETHLDMLRHL
Pro39Arg,TDMKLRLPASPETHLDMLRHL
Pro39Ser,TDMKLRLPASPETHLDMLRHL
Glu40Asp,DMKLRLPASPETHLDMLRHLY
Glu40Gly,DMKLRLPASPETHLDMLRHLY
Glu40Lys,DMKLRLPASPETHLDMLRHLY
Glu40Gln,DMKLRLPASPETHLDMLRHLY
Glu40Val,DMKLRLPASPETHLDMLRHLY
Thr41Ile,MKLRLPASPETHLDMLRHLYQ
Thr41Ser,MKLRLPASPETHLDMLRHLYQ
His42Leu,KLRLPASPETHLDMLRHLYQG
His42Pro,KLRLPASPETHLDMLRHLYQG
His42Gln,KLRLPASPETHLDMLRHLYQG
His42Tyr,KLRLPASPETHLDMLRHLYQG
Leu43Met,LRLPASPETHLDMLRHLYQGC
Leu43Pro,LRLPASPETHLDMLRHLYQGC
Leu43Val,LRLPASPETHLDMLRHLYQGC
Asp44Ala,RLPASPETHLDMLRHLYQGCQ
Asp44Glu,RLPASPETHLDMLRHLYQGCQ
Asp44Gly,RLPASPETHLDMLRHLYQGCQ
Asp44His,RLPASPETHLDMLRHLYQGCQ
Asp44Asn,RLPASPETHLDMLRHLYQGCQ
Asp44Val,RLPASPETHLDMLRHLYQGCQ
Met45Ile,LPASPETHLDMLRHLYQGCQV
Met45Lys,LPASPETHLDMLRHLYQGCQV
Met45Leu,LPASPETHLDMLRHLYQGCQV
Met45Thr,LPASPETHLDMLRHLYQGCQV
Met45Val,LPASPETHLDMLRHLYQGCQV
Leu46Phe,PASPETHLDMLRHLYQGCQVV
Leu46His,PASPETHLDMLRHLYQGCQVV
Leu46Ile,PASPETHLDMLRHLYQGCQVV
Leu46Pro,PASPETHLDMLRHLYQGCQVV
Arg47Cys,ASPETHLDMLRHLYQGCQVVQ
Arg47His,ASPETHLDMLRHLYQGCQVVQ
Arg47Leu,ASPETHLDMLRHLYQGCQVVQ
Arg47Pro,ASPETHLDMLRHLYQGCQVVQ
Arg47Ser,ASPETHLDMLRHLYQGCQVVQ
His48Leu,SPETHLDMLRHLYQGCQVVQG
His48Asn,SPETHLDMLRHLYQGCQVVQG
His48Pro,SPETHLDMLRHLYQGCQVVQG
His48Arg,SPETHLDMLRHLYQGCQVVQG
Leu49Phe,PETHLDMLRHLYQGCQVVQGN
Leu49His,PETHLDMLRHLYQGCQVVQGN
Leu49Ile,PETHLDMLRHLYQGCQVVQGN
Leu49Pro,PETHLDMLRHLYQGCQVVQGN
Leu49Val,PETHLDMLRHLYQGCQVVQGN
Tyr50His,ETHLDMLRHLYQGCQVVQGNL
Gln51Glu,THLDMLRHLYQGCQVVQGNLE
Gln51His,THLDMLRHLYQGCQVVQGNLE
Gln51Lys,THLDMLRHLYQGCQVVQGNLE
Gln51Arg,THLDMLRHLYQGCQVVQGNLE
Gly52Ala,HLDMLRHLYQGCQVVQGNLEL
Gly52Asp,HLDMLRHLYQGCQVVQGNLEL
Gly52Arg,HLDMLRHLYQGCQVVQGNLEL
Gly52Ser,HLDMLRHLYQGCQVVQGNLEL
Gly52Val,HLDMLRHLYQGCQVVQGNLEL
Cys53Ser,LDMLRHLYQGCQVVQGNLELT
Cys53Trp,LDMLRHLYQGCQVVQGNLELT
Gln54Ter,DMLRHLYQGCQVVQGNLELTY
Gln54Glu,DMLRHLYQGCQVVQGNLELTY
Gln54His,DMLRHLYQGCQVVQGNLELTY
Gln54Lys,DMLRHLYQGCQVVQGNLELTY
Gln54Leu,DMLRHLYQGCQVVQGNLELTY
Gln54Arg,DMLRHLYQGCQVVQGNLELTY
Val55Leu,MLRHLYQGCQVVQGNLELTYL
Val55Met,MLRHLYQGCQVVQGNLELTYL
Val56Ala,LRHLYQGCQVVQGNLELTYLP
Val56Glu,LRHLYQGCQVVQGNLELTYLP
Val56Gly,LRHLYQGCQVVQGNLELTYLP
Val56Leu,LRHLYQGCQVVQGNLELTYLP
Gln57Glu,RHLYQGCQVVQGNLELTYLPT
Gln57His,RHLYQGCQVVQGNLELTYLPT
Gln57Arg,RHLYQGCQVVQGNLELTYLPT
Gly58Ala,HLYQGCQVVQGNLELTYLPTN
Gly58Glu,HLYQGCQVVQGNLELTYLPTN
Gly58Arg,HLYQGCQVVQGNLELTYLPTN
Asn59Asp,LYQGCQVVQGNLELTYLPTNA
Asn59His,LYQGCQVVQGNLELTYLPTNA
Asn59Ile,LYQGCQVVQGNLELTYLPTNA
Asn59Lys,LYQGCQVVQGNLELTYLPTNA
Asn59Ser,LYQGCQVVQGNLELTYLPTNA
Asn59Thr,LYQGCQVVQGNLELTYLPTNA
Leu60Met,YQGCQVVQGNLELTYLPTNAS
Leu60Val,YQGCQVVQGNLELTYLPTNAS
Glu61Ala,QGCQVVQGNLELTYLPTNASL
Glu61Asp,QGCQVVQGNLELTYLPTNASL
Glu61Gly,QGCQVVQGNLELTYLPTNASL
Glu61Lys,QGCQVVQGNLELTYLPTNASL
Glu61Gln,QGCQVVQGNLELTYLPTNASL
Glu61Val,QGCQVVQGNLELTYLPTNASL
Leu62Phe,GCQVVQGNLELTYLPTNASLS
Leu62His,GCQVVQGNLELTYLPTNASLS
Leu62Ile,GCQVVQGNLELTYLPTNASLS
Leu62Pro,GCQVVQGNLELTYLPTNASLS
Leu62Val,GCQVVQGNLELTYLPTNASLS
Thr63Ala,CQVVQGNLELTYLPTNASLSF
Thr63Ile,CQVVQGNLELTYLPTNASLSF
Thr63Asn,CQVVQGNLELTYLPTNASLSF
Thr63Pro,CQVVQGNLELTYLPTNASLSF
Thr63Ser,CQVVQGNLELTYLPTNASLSF
Thr63Ser,CQVVQGNLELTYLPTNASLSF
Tyr64His,QVVQGNLELTYLPTNASLSFL
Tyr64Asn,QVVQGNLELTYLPTNASLSFL
Leu65Met,VVQGNLELTYLPTNASLSFLQ
Leu65Gln,VVQGNLELTYLPTNASLSFLQ
Leu65Val,VVQGNLELTYLPTNASLSFLQ
Pro66Ala,VQGNLELTYLPTNASLSFLQD
Pro66His,VQGNLELTYLPTNASLSFLQD
Pro66Leu,VQGNLELTYLPTNASLSFLQD
Pro66Arg,VQGNLELTYLPTNASLSFLQD
Pro66Ser,VQGNLELTYLPTNASLSFLQD
Pro66Thr,VQGNLELTYLPTNASLSFLQD
Thr67Ala,QGNLELTYLPTNASLSFLQDI
Thr67Ile,QGNLELTYLPTNASLSFLQDI
Thr67Asn,QGNLELTYLPTNASLSFLQDI
Thr67Pro,QGNLELTYLPTNASLSFLQDI
Thr67Ser,QGNLELTYLPTNASLSFLQDI
Asn68Asp,GNLELTYLPTNASLSFLQDIQ
Asn68His,GNLELTYLPTNASLSFLQDIQ
Asn68Ile,GNLELTYLPTNASLSFLQDIQ
Asn68Lys,GNLELTYLPTNASLSFLQDIQ
Asn68Ser,GNLELTYLPTNASLSFLQDIQ
Asn68Thr,GNLELTYLPTNASLSFLQDIQ
Asn68Tyr,GNLELTYLPTNASLSFLQDIQ
Ala69Asp,NLELTYLPTNASLSFLQDIQE
Ala69Gly,NLELTYLPTNASLSFLQDIQE
Ala69Val,NLELTYLPTNASLSFLQDIQE
Ser70Cys,LELTYLPTNASLSFLQDIQEV
Ser70Gly,LELTYLPTNASLSFLQDIQEV
Ser70Asn,LELTYLPTNASLSFLQDIQEV
Ser70Arg,LELTYLPTNASLSFLQDIQEV
Ser70Arg,LELTYLPTNASLSFLQDIQEV
Ser70Thr,LELTYLPTNASLSFLQDIQEV
Leu71Met,ELTYLPTNASLSFLQDIQEVQ
Leu71Pro,ELTYLPTNASLSFLQDIQEVQ
Leu71Gln,ELTYLPTNASLSFLQDIQEVQ
Leu71Val,ELTYLPTNASLSFLQDIQEVQ
Ser72Cys,LTYLPTNASLSFLQDIQEVQG
Ser72Phe,LTYLPTNASLSFLQDIQEVQG
Ser72Pro,LTYLPTNASLSFLQDIQEVQG
Ser72Thr,LTYLPTNASLSFLQDIQEVQG
Phe73Ile,TYLPTNASLSFLQDIQEVQGY
Phe73Leu,TYLPTNASLSFLQDIQEVQGY
Phe73Leu,TYLPTNASLSFLQDIQEVQGY
Phe73Ser,TYLPTNASLSFLQDIQEVQGY
Phe73Tyr,TYLPTNASLSFLQDIQEVQGY
Leu74Pro,YLPTNASLSFLQDIQEVQGYV
Leu74Gln,YLPTNASLSFLQDIQEVQGYV
Leu74Arg,YLPTNASLSFLQDIQEVQGYV
Leu74Val,YLPTNASLSFLQDIQEVQGYV
Gln75Glu,LPTNASLSFLQDIQEVQGYVL
Gln75His,LPTNASLSFLQDIQEVQGYVL
Gln75Leu,LPTNASLSFLQDIQEVQGYVL
Gln75Arg,LPTNASLSFLQDIQEVQGYVL
Asp76Glu,PTNASLSFLQDIQEVQGYVLI
Asp76His,PTNASLSFLQDIQEVQGYVLI
Asp76Asn,PTNASLSFLQDIQEVQGYVLI
Asp76Tyr,PTNASLSFLQDIQEVQGYVLI
Ile77Leu,TNASLSFLQDIQEVQGYVLIA
Ile77Met,TNASLSFLQDIQEVQGYVLIA
Ile77Asn,TNASLSFLQDIQEVQGYVLIA
Ile77Ser,TNASLSFLQDIQEVQGYVLIA
Ile77Val,TNASLSFLQDIQEVQGYVLIA
Gln78Ter,NASLSFLQDIQEVQGYVLIAH
Gln78Glu,NASLSFLQDIQEVQGYVLIAH
Gln78His,NASLSFLQDIQEVQGYVLIAH
Gln78Leu,NASLSFLQDIQEVQGYVLIAH
Gln78Arg,NASLSFLQDIQEVQGYVLIAH
Glu79Ala,ASLSFLQDIQEVQGYVLIAHN
Glu79Asp,ASLSFLQDIQEVQGYVLIAHN
Glu79Gly,ASLSFLQDIQEVQGYVLIAHN
Glu79Lys,ASLSFLQDIQEVQGYVLIAHN
Glu79Gln,ASLSFLQDIQEVQGYVLIAHN
Glu79Val,ASLSFLQDIQEVQGYVLIAHN
Val80Glu,SLSFLQDIQEVQGYVLIAHNQ
Val80Gly,SLSFLQDIQEVQGYVLIAHNQ
Val80Leu,SLSFLQDIQEVQGYVLIAHNQ
Val80Met,SLSFLQDIQEVQGYVLIAHNQ
Gln81Ter,LSFLQDIQEVQGYVLIAHNQV
Gln81Glu,LSFLQDIQEVQGYVLIAHNQV
Gln81His,LSFLQDIQEVQGYVLIAHNQV
Gly82Ala,SFLQDIQEVQGYVLIAHNQVR
Gly82Cys,SFLQDIQEVQGYVLIAHNQVR
Gly82Asp,SFLQDIQEVQGYVLIAHNQVR
Gly82Arg,SFLQDIQEVQGYVLIAHNQVR
Gly82Ser,SFLQDIQEVQGYVLIAHNQVR
Gly82Val,SFLQDIQEVQGYVLIAHNQVR
Tyr83Cys,FLQDIQEVQGYVLIAHNQVRQ
Tyr83Phe,FLQDIQEVQGYVLIAHNQVRQ
Tyr83Asn,FLQDIQEVQGYVLIAHNQVRQ
Tyr83Ser,FLQDIQEVQGYVLIAHNQVRQ
Val84Ala,LQDIQEVQGYVLIAHNQVRQV
Val84Glu,LQDIQEVQGYVLIAHNQVRQV
Val84Gly,LQDIQEVQGYVLIAHNQVRQV
Val84Leu,LQDIQEVQGYVLIAHNQVRQV
Val84Met,LQDIQEVQGYVLIAHNQVRQV
Leu85Phe,QDIQEVQGYVLIAHNQVRQVP
Leu85His,QDIQEVQGYVLIAHNQVRQVP
Leu85Pro,QDIQEVQGYVLIAHNQVRQVP
Leu85Val,QDIQEVQGYVLIAHNQVRQVP
Ile86Phe,DIQEVQGYVLIAHNQVRQVPL
Ile86Leu,DIQEVQGYVLIAHNQVRQVPL
Ile86Met,DIQEVQGYVLIAHNQVRQVPL
Ile86Asn,DIQEVQGYVLIAHNQVRQVPL
Ile86Ser,DIQEVQGYVLIAHNQVRQVPL
Ile86Thr,DIQEVQGYVLIAHNQVRQVPL
Ile86Val,DIQEVQGYVLIAHNQVRQVPL
Ala87Asp,IQEVQGYVLIAHNQVRQVPLQ
Ala87Gly,IQEVQGYVLIAHNQVRQVPLQ
Ala87Pro,IQEVQGYVLIAHNQVRQVPLQ
Ala87Ser,IQEVQGYVLIAHNQVRQVPLQ
Ala87Thr,IQEVQGYVLIAHNQVRQVPLQ
Ala87Val,IQEVQGYVLIAHNQVRQVPLQ
His88Asp,QEVQGYVLIAHNQVRQVPLQR
His88Leu,QEVQGYVLIAHNQVRQVPLQR
His88Pro,QEVQGYVLIAHNQVRQVPLQR
His88Gln,QEVQGYVLIAHNQVRQVPLQR
His88Arg,QEVQGYVLIAHNQVRQVPLQR
His88Tyr,QEVQGYVLIAHNQVRQVPLQR
Asn89Tyr,EVQGYVLIAHNQVRQVPLQRL
Gln90Glu,VQGYVLIAHNQVRQVPLQRLR
Gln90His,VQGYVLIAHNQVRQVPLQRLR
Gln90Lys,VQGYVLIAHNQVRQVPLQRLR
Gln90Leu,VQGYVLIAHNQVRQVPLQRLR
Gln90Pro,VQGYVLIAHNQVRQVPLQRLR
Gln90Arg,VQGYVLIAHNQVRQVPLQRLR
Val91Ala,QGYVLIAHNQVRQVPLQRLRI
Val91Glu,QGYVLIAHNQVRQVPLQRLRI
Val91Leu,QGYVLIAHNQVRQVPLQRLRI
Arg92Lys,GYVLIAHNQVRQVPLQRLRIV
Arg92Met,GYVLIAHNQVRQVPLQRLRIV
Arg92Ser,GYVLIAHNQVRQVPLQRLRIV
Arg92Thr,GYVLIAHNQVRQVPLQRLRIV
Arg92Trp,GYVLIAHNQVRQVPLQRLRIV
Gln93Glu,YVLIAHNQVRQVPLQRLRIVR
Gln93Leu,YVLIAHNQVRQVPLQRLRIVR
Gln93Arg,YVLIAHNQVRQVPLQRLRIVR
Val94Gly,VLIAHNQVRQVPLQRLRIVRG
Val94Ile,VLIAHNQVRQVPLQRLRIVRG
Val94Leu,VLIAHNQVRQVPLQRLRIVRG
Pro95Ala,LIAHNQVRQVPLQRLRIVRGT
Pro95Leu,LIAHNQVRQVPLQRLRIVRGT
Pro95Gln,LIAHNQVRQVPLQRLRIVRGT
Pro95Arg,LIAHNQVRQVPLQRLRIVRGT
Pro95Ser,LIAHNQVRQVPLQRLRIVRGT
Pro95Thr,LIAHNQVRQVPLQRLRIVRGT
Leu96Gln,IAHNQVRQVPLQRLRIVRGTQ
Leu96Val,IAHNQVRQVPLQRLRIVRGTQ
Gln97Glu,AHNQVRQVPLQRLRIVRGTQL
Gln97His,AHNQVRQVPLQRLRIVRGTQL
Gln97Leu,AHNQVRQVPLQRLRIVRGTQL
Gln97Arg,AHNQVRQVPLQRLRIVRGTQL
Arg98Ser,HNQVRQVPLQRLRIVRGTQLF
Arg98Trp,HNQVRQVPLQRLRIVRGTQLF
Leu99Gln,NQVRQVPLQRLRIVRGTQLFE
Leu99Val,NQVRQVPLQRLRIVRGTQLFE
Arg100Leu,QVRQVPLQRLRIVRGTQLFED
Arg100Pro,QVRQVPLQRLRIVRGTQLFED
Arg100Gln,QVRQVPLQRLRIVRGTQLFED
Arg100Trp,QVRQVPLQRLRIVRGTQLFED
Ile101Phe,VRQVPLQRLRIVRGTQLFEDN
Ile101Asn,VRQVPLQRLRIVRGTQLFEDN
Ile101Ser,VRQVPLQRLRIVRGTQLFEDN
Ile101Thr,VRQVPLQRLRIVRGTQLFEDN
Ile101Val,VRQVPLQRLRIVRGTQLFEDN
Val102Glu,RQVPLQRLRIVRGTQLFEDNY
Val102Gly,RQVPLQRLRIVRGTQLFEDNY
Val102Leu,RQVPLQRLRIVRGTQLFEDNY
Val102Met,RQVPLQRLRIVRGTQLFEDNY
Arg103Ter,QVPLQRLRIVRGTQLFEDNYA
Arg103Gly,QVPLQRLRIVRGTQLFEDNYA
Arg103Leu,QVPLQRLRIVRGTQLFEDNYA
Arg103Pro,QVPLQRLRIVRGTQLFEDNYA
Arg103Gln,QVPLQRLRIVRGTQLFEDNYA
Gly104Ala,VPLQRLRIVRGTQLFEDNYAL
Gly104Asp,VPLQRLRIVRGTQLFEDNYAL
Gly104Arg,VPLQRLRIVRGTQLFEDNYAL
Gly104Ser,VPLQRLRIVRGTQLFEDNYAL
Thr105Ile,PLQRLRIVRGTQLFEDNYALA
Thr105Pro,PLQRLRIVRGTQLFEDNYALA
Thr105Ser,PLQRLRIVRGTQLFEDNYALA
Gln106Glu,LQRLRIVRGTQLFEDNYALAV
Gln106His,LQRLRIVRGTQLFEDNYALAV
Gln106Lys,LQRLRIVRGTQLFEDNYALAV
Gln106Leu,LQRLRIVRGTQLFEDNYALAV
Gln106Arg,LQRLRIVRGTQLFEDNYALAV
Leu107Phe,QRLRIVRGTQLFEDNYALAVL
Leu107Val,QRLRIVRGTQLFEDNYALAVL
Phe108Cys,RLRIVRGTQLFEDNYALAVLD
Phe108Ile,RLRIVRGTQLFEDNYALAVLD
Phe108Ser,RLRIVRGTQLFEDNYALAVLD
Phe108Tyr,RLRIVRGTQLFEDNYALAVLD
Glu109Asp,LRIVRGTQLFEDNYALAVLDN
Glu109Gly,LRIVRGTQLFEDNYALAVLDN
Glu109Lys,LRIVRGTQLFEDNYALAVLDN
Glu109Gln,LRIVRGTQLFEDNYALAVLDN
Glu109Val,LRIVRGTQLFEDNYALAVLDN
Asp110Ala,RIVRGTQLFEDNYALAVLDNG
Asp110Glu,RIVRGTQLFEDNYALAVLDNG
Asp110Gly,RIVRGTQLFEDNYALAVLDNG
Asp110His,RIVRGTQLFEDNYALAVLDNG
Asp110Asn,RIVRGTQLFEDNYALAVLDNG
Asp110Val,RIVRGTQLFEDNYALAVLDNG
Asp110Tyr,RIVRGTQLFEDNYALAVLDNG
Asn111Ile,IVRGTQLFEDNYALAVLDNGD
Asn111Lys,IVRGTQLFEDNYALAVLDNGD
Asn111Ser,IVRGTQLFEDNYALAVLDNGD
Asn111Tyr,IVRGTQLFEDNYALAVLDNGD
Tyr112Cys,VRGTQLFEDNYALAVLDNGDP
Tyr112Phe,VRGTQLFEDNYALAVLDNGDP
Ala113Gly,RGTQLFEDNYALAVLDNGDPL
Ala113Pro,RGTQLFEDNYALAVLDNGDPL
Ala113Thr,RGTQLFEDNYALAVLDNGDPL
Ala113Val,RGTQLFEDNYALAVLDNGDPL
Leu114Met,GTQLFEDNYALAVLDNGDPLN
Leu114Val,GTQLFEDNYALAVLDNGDPLN
Ala115Asp,TQLFEDNYALAVLDNGDPLNN
Ala115Gly,TQLFEDNYALAVLDNGDPLNN
Ala115Pro,TQLFEDNYALAVLDNGDPLNN
Ala115Ser,TQLFEDNYALAVLDNGDPLNN
Ala115Thr,TQLFEDNYALAVLDNGDPLNN
Ala115Val,TQLFEDNYALAVLDNGDPLNN
Val116Ala,QLFEDNYALAVLDNGDPLNNT
Val116Gly,QLFEDNYALAVLDNGDPLNNT
Val116Leu,QLFEDNYALAVLDNGDPLNNT
Val116Met,QLFEDNYALAVLDNGDPLNNT
Leu117Ile,LFEDNYALAVLDNGDPLNNTT
Leu117Val,LFEDNYALAVLDNGDPLNNTT
Asp118Ala,FEDNYALAVLDNGDPLNNTTP
Asp118Glu,FEDNYALAVLDNGDPLNNTTP
Asp118Gly,FEDNYALAVLDNGDPLNNTTP
Asp118His,FEDNYALAVLDNGDPLNNTTP
Asp118Asn,FEDNYALAVLDNGDPLNNTTP
Asp118Val,FEDNYALAVLDNGDPLNNTTP
Asn119Ile,EDNYALAVLDNGDPLNNTTPV
Gly120Ala,DNYALAVLDNGDPLNNTTPVT
Gly120Glu,DNYALAVLDNGDPLNNTTPVT
Gly120Arg,DNYALAVLDNGDPLNNTTPVT
Gly120Val,DNYALAVLDNGDPLNNTTPVT
Asp121Ala,NYALAVLDNGDPLNNTTPVTG
Asp121Glu,NYALAVLDNGDPLNNTTPVTG
Asp121Gly,NYALAVLDNGDPLNNTTPVTG
Asp121His,NYALAVLDNGDPLNNTTPVTG
Asp121Asn,NYALAVLDNGDPLNNTTPVTG
Asp121Val,NYALAVLDNGDPLNNTTPVTG
Asp121Tyr,NYALAVLDNGDPLNNTTPVTG
Pro122Ala,YALAVLDNGDPLNNTTPVTGA
Pro122Leu,YALAVLDNGDPLNNTTPVTGA
Pro122Gln,YALAVLDNGDPLNNTTPVTGA
Pro122Arg,YALAVLDNGDPLNNTTPVTGA
Pro122Ser,YALAVLDNGDPLNNTTPVTGA
Pro122Thr,YALAVLDNGDPLNNTTPVTGA
Leu123Met,ALAVLDNGDPLNNTTPVTGAS
Leu123Gln,ALAVLDNGDPLNNTTPVTGAS
Leu123Val,ALAVLDNGDPLNNTTPVTGAS
Asn124Ile,LAVLDNGDPLNNTTPVTGASP
Asn124Lys,LAVLDNGDPLNNTTPVTGASP
Asn124Ser,LAVLDNGDPLNNTTPVTGASP
Asn124Thr,LAVLDNGDPLNNTTPVTGASP
Asn124Tyr,LAVLDNGDPLNNTTPVTGASP
Asn125Asp,AVLDNGDPLNNTTPVTGASPG
Asn125Ile,AVLDNGDPLNNTTPVTGASPG
Asn125Lys,AVLDNGDPLNNTTPVTGASPG
Asn125Thr,AVLDNGDPLNNTTPVTGASPG
Thr126Ile,VLDNGDPLNNTTPVTGASPGG
Thr126Asn,VLDNGDPLNNTTPVTGASPGG
Thr126Ser,VLDNGDPLNNTTPVTGASPGG
Thr127Ala,LDNGDPLNNTTPVTGASPGGL
Thr127Ile,LDNGDPLNNTTPVTGASPGGL
Thr127Asn,LDNGDPLNNTTPVTGASPGGL
Thr127Pro,LDNGDPLNNTTPVTGASPGGL
Thr127Ser,LDNGDPLNNTTPVTGASPGGL
Thr127Ser,LDNGDPLNNTTPVTGASPGGL
Pro128Ala,DNGDPLNNTTPVTGASPGGLR
Pro128His,DNGDPLNNTTPVTGASPGGLR
Pro128Leu,DNGDPLNNTTPVTGASPGGLR
Pro128Arg,DNGDPLNNTTPVTGASPGGLR
Pro128Ser,DNGDPLNNTTPVTGASPGGLR
Pro128Thr,DNGDPLNNTTPVTGASPGGLR
Val129Ala,NGDPLNNTTPVTGASPGGLRE
Val129Asp,NGDPLNNTTPVTGASPGGLRE
Val129Phe,NGDPLNNTTPVTGASPGGLRE
Val129Gly,NGDPLNNTTPVTGASPGGLRE
Val129Ile,NGDPLNNTTPVTGASPGGLRE
Val129Leu,NGDPLNNTTPVTGASPGGLRE
Thr130Ile,GDPLNNTTPVTGASPGGLREL
Thr130Pro,GDPLNNTTPVTGASPGGLREL
Thr130Arg,GDPLNNTTPVTGASPGGLREL
Thr130Ser,GDPLNNTTPVTGASPGGLREL
Gly131Ala,DPLNNTTPVTGASPGGLRELQ
Gly131Glu,DPLNNTTPVTGASPGGLRELQ
Gly131Arg,DPLNNTTPVTGASPGGLRELQ
Gly131Val,DPLNNTTPVTGASPGGLRELQ
Gly131Trp,DPLNNTTPVTGASPGGLRELQ
Ala132Asp,PLNNTTPVTGASPGGLRELQL
Ala132Gly,PLNNTTPVTGASPGGLRELQL
Ala132Pro,PLNNTTPVTGASPGGLRELQL
Ala132Thr,PLNNTTPVTGASPGGLRELQL
Ala132Val,PLNNTTPVTGASPGGLRELQL
Ser133Cys,LNNTTPVTGASPGGLRELQLR
Ser133Phe,LNNTTPVTGASPGGLRELQLR
Ser133Pro,LNNTTPVTGASPGGLRELQLR
Ser133Thr,LNNTTPVTGASPGGLRELQLR
Ser133Tyr,LNNTTPVTGASPGGLRELQLR
Pro134Leu,NNTTPVTGASPGGLRELQLRS
Pro134Gln,NNTTPVTGASPGGLRELQLRS
Pro134Arg,NNTTPVTGASPGGLRELQLRS
Pro134Ser,NNTTPVTGASPGGLRELQLRS
Pro134Thr,NNTTPVTGASPGGLRELQLRS
Gly135Ala,NTTPVTGASPGGLRELQLRSL
Gly135Glu,NTTPVTGASPGGLRELQLRSL
Gly135Arg,NTTPVTGASPGGLRELQLRSL
Gly136Ala,TTPVTGASPGGLRELQLRSLT
Gly136Asp,TTPVTGASPGGLRELQLRSLT
Gly136Arg,TTPVTGASPGGLRELQLRSLT
Gly136Ser,TTPVTGASPGGLRELQLRSLT
Leu137Met,TPVTGASPGGLRELQLRSLTE
Leu137Pro,TPVTGASPGGLRELQLRSLTE
Leu137Gln,TPVTGASPGGLRELQLRSLTE
Leu137Arg,TPVTGASPGGLRELQLRSLTE
Leu137Val,TPVTGASPGGLRELQLRSLTE
Arg138Gly,PVTGASPGGLRELQLRSLTEI
Arg138Leu,PVTGASPGGLRELQLRSLTEI
Arg138Pro,PVTGASPGGLRELQLRSLTEI
Arg138Gln,PVTGASPGGLRELQLRSLTEI
Arg138Trp,PVTGASPGGLRELQLRSLTEI
Glu139Asp,VTGASPGGLRELQLRSLTEIL
Glu139Lys,VTGASPGGLRELQLRSLTEIL
Glu139Gln,VTGASPGGLRELQLRSLTEIL
Leu140Met,TGASPGGLRELQLRSLTEILK
Leu140Pro,TGASPGGLRELQLRSLTEILK
Leu140Gln,TGASPGGLRELQLRSLTEILK
Leu140Val,TGASPGGLRELQLRSLTEILK
Gln141Glu,GASPGGLRELQLRSLTEILKG
Gln141His,GASPGGLRELQLRSLTEILKG
Gln141Lys,GASPGGLRELQLRSLTEILKG
Gln141Leu,GASPGGLRELQLRSLTEILKG
Gln141Arg,GASPGGLRELQLRSLTEILKG
Leu142His,ASPGGLRELQLRSLTEILKGG
Leu142Ile,ASPGGLRELQLRSLTEILKGG
Leu142Val,ASPGGLRELQLRSLTEILKGG
Arg143Gly,SPGGLRELQLRSLTEILKGGV
Arg143Leu,SPGGLRELQLRSLTEILKGGV
Arg143Pro,SPGGLRELQLRSLTEILKGGV
Arg143Gln,SPGGLRELQLRSLTEILKGGV
Ser144Cys,PGGLRELQLRSLTEILKGGVL
Ser144Gly,PGGLRELQLRSLTEILKGGVL
Ser144Asn,PGGLRELQLRSLTEILKGGVL
Ser144Arg,PGGLRELQLRSLTEILKGGVL
Ser144Thr,PGGLRELQLRSLTEILKGGVL
Leu145Phe,GGLRELQLRSLTEILKGGVLI
Leu145His,GGLRELQLRSLTEILKGGVLI
Leu145Ile,GGLRELQLRSLTEILKGGVLI
Leu145Pro,GGLRELQLRSLTEILKGGVLI
Leu145Val,GGLRELQLRSLTEILKGGVLI
Thr146Ala,GLRELQLRSLTEILKGGVLIQ
Thr146Ile,GLRELQLRSLTEILKGGVLIQ
Thr146Pro,GLRELQLRSLTEILKGGVLIQ
Thr146Arg,GLRELQLRSLTEILKGGVLIQ
Thr146Ser,GLRELQLRSLTEILKGGVLIQ
Glu147Asp,LRELQLRSLTEILKGGVLIQR
Glu147Lys,LRELQLRSLTEILKGGVLIQR
Glu147Gln,LRELQLRSLTEILKGGVLIQR
Glu147Val,LRELQLRSLTEILKGGVLIQR
Ile148Phe,RELQLRSLTEILKGGVLIQRN
Ile148Met,RELQLRSLTEILKGGVLIQRN
Ile148Asn,RELQLRSLTEILKGGVLIQRN
Ile148Ser,RELQLRSLTEILKGGVLIQRN
Ile148Thr,RELQLRSLTEILKGGVLIQRN
Leu149Phe,ELQLRSLTEILKGGVLIQRNP
Leu149Met,ELQLRSLTEILKGGVLIQRNP
Leu149Ser,ELQLRSLTEILKGGVLIQRNP
Lys150Glu,LQLRSLTEILKGGVLIQRNPQ
Lys150Ile,LQLRSLTEILKGGVLIQRNPQ
Lys150Asn,LQLRSLTEILKGGVLIQRNPQ
Lys150Gln,LQLRSLTEILKGGVLIQRNPQ
Lys150Arg,LQLRSLTEILKGGVLIQRNPQ
Gly151Ala,QLRSLTEILKGGVLIQRNPQL
Gly151Glu,QLRSLTEILKGGVLIQRNPQL
Gly151Arg,QLRSLTEILKGGVLIQRNPQL
Gly151Val,QLRSLTEILKGGVLIQRNPQL
Gly152Ala,LRSLTEILKGGVLIQRNPQLC
Gly152Glu,LRSLTEILKGGVLIQRNPQLC
Gly152Arg,LRSLTEILKGGVLIQRNPQLC
Gly152Val,LRSLTEILKGGVLIQRNPQLC
Gly152Trp,LRSLTEILKGGVLIQRNPQLC
Val153Ala,RSLTEILKGGVLIQRNPQLCY
Val153Asp,RSLTEILKGGVLIQRNPQLCY
Val153Gly,RSLTEILKGGVLIQRNPQLCY
Val153Ile,RSLTEILKGGVLIQRNPQLCY
Val153Leu,RSLTEILKGGVLIQRNPQLCY
Leu154Phe,SLTEILKGGVLIQRNPQLCYQ
Leu154Met,SLTEILKGGVLIQRNPQLCYQ
Leu154Ser,SLTEILKGGVLIQRNPQLCYQ
Ile155Phe,LTEILKGGVLIQRNPQLCYQD
Ile155Leu,LTEILKGGVLIQRNPQLCYQD
Ile155Met,LTEILKGGVLIQRNPQLCYQD
Ile155Asn,LTEILKGGVLIQRNPQLCYQD
Ile155Thr,LTEILKGGVLIQRNPQLCYQD
Ile155Val,LTEILKGGVLIQRNPQLCYQD
Gln156Ter,TEILKGGVLIQRNPQLCYQDT
Gln156Glu,TEILKGGVLIQRNPQLCYQDT
Gln156His,TEILKGGVLIQRNPQLCYQDT
Gln156Lys,TEILKGGVLIQRNPQLCYQDT
Gln156Leu,TEILKGGVLIQRNPQLCYQDT
Arg157Gly,EILKGGVLIQRNPQLCYQDTI
Arg157Leu,EILKGGVLIQRNPQLCYQDTI
Arg157Pro,EILKGGVLIQRNPQLCYQDTI
Arg157Gln,EILKGGVLIQRNPQLCYQDTI
Arg157Trp,EILKGGVLIQRNPQLCYQDTI
Asn158Asp,ILKGGVLIQRNPQLCYQDTIL
Asn158His,ILKGGVLIQRNPQLCYQDTIL
Asn158Lys,ILKGGVLIQRNPQLCYQDTIL
Pro159Ala,LKGGVLIQRNPQLCYQDTILW
Pro159His,LKGGVLIQRNPQLCYQDTILW
Pro159Leu,LKGGVLIQRNPQLCYQDTILW
Pro159Arg,LKGGVLIQRNPQLCYQDTILW
Pro159Ser,LKGGVLIQRNPQLCYQDTILW
Pro159Thr,LKGGVLIQRNPQLCYQDTILW
Gln160His,KGGVLIQRNPQLCYQDTILWK
Gln160Lys,KGGVLIQRNPQLCYQDTILWK
Gln160Leu,KGGVLIQRNPQLCYQDTILWK
Gln160Arg,KGGVLIQRNPQLCYQDTILWK
Leu161Ile,GGVLIQRNPQLCYQDTILWKD
Leu161Val,GGVLIQRNPQLCYQDTILWKD
Cys162Ser,GVLIQRNPQLCYQDTILWKDI
Cys162Trp,GVLIQRNPQLCYQDTILWKDI
Cys162Tyr,GVLIQRNPQLCYQDTILWKDI
Tyr163Cys,VLIQRNPQLCYQDTILWKDIF
Tyr163Asn,VLIQRNPQLCYQDTILWKDIF
Gln164Glu,LIQRNPQLCYQDTILWKDIFH
Gln164His,LIQRNPQLCYQDTILWKDIFH
Gln164Lys,LIQRNPQLCYQDTILWKDIFH
Gln164Arg,LIQRNPQLCYQDTILWKDIFH
Asp165Ala,IQRNPQLCYQDTILWKDIFHK
Asp165Glu,IQRNPQLCYQDTILWKDIFHK
Asp165Gly,IQRNPQLCYQDTILWKDIFHK
Asp165His,IQRNPQLCYQDTILWKDIFHK
Asp165Asn,IQRNPQLCYQDTILWKDIFHK
Asp165Val,IQRNPQLCYQDTILWKDIFHK
Asp165Tyr,IQRNPQLCYQDTILWKDIFHK
Thr166Lys,QRNPQLCYQDTILWKDIFHKN
Thr166Met,QRNPQLCYQDTILWKDIFHKN
Thr166Pro,QRNPQLCYQDTILWKDIFHKN
Thr166Arg,QRNPQLCYQDTILWKDIFHKN
Thr166Ser,QRNPQLCYQDTILWKDIFHKN
Ile167Asn,RNPQLCYQDTILWKDIFHKNN
Ile167Ser,RNPQLCYQDTILWKDIFHKNN
Leu168Met,NPQLCYQDTILWKDIFHKNNQ
Leu168Trp,NPQLCYQDTILWKDIFHKNNQ
Trp169Ter,PQLCYQDTILWKDIFHKNNQL
Lys170Glu,QLCYQDTILWKDIFHKNNQLA
Lys170Asn,QLCYQDTILWKDIFHKNNQLA
Lys170Gln,QLCYQDTILWKDIFHKNNQLA
Lys170Arg,QLCYQDTILWKDIFHKNNQLA
Asp171Glu,LCYQDTILWKDIFHKNNQLAL
Asp171Gly,LCYQDTILWKDIFHKNNQLAL
Asp171His,LCYQDTILWKDIFHKNNQLAL
Asp171Asn,LCYQDTILWKDIFHKNNQLAL
Asp171Val,LCYQDTILWKDIFHKNNQLAL
Ile172Leu,CYQDTILWKDIFHKNNQLALT
Ile172Met,CYQDTILWKDIFHKNNQLALT
Ile172Asn,CYQDTILWKDIFHKNNQLALT
Ile172Thr,CYQDTILWKDIFHKNNQLALT
Phe173Ile,YQDTILWKDIFHKNNQLALTL
Phe173Leu,YQDTILWKDIFHKNNQLALTL
Phe173Leu,YQDTILWKDIFHKNNQLALTL
His174Leu,QDTILWKDIFHKNNQLALTLI
His174Pro,QDTILWKDIFHKNNQLALTLI
His174Gln,QDTILWKDIFHKNNQLALTLI
His174Arg,QDTILWKDIFHKNNQLALTLI
His174Tyr,QDTILWKDIFHKNNQLALTLI
Lys175Met,DTILWKDIFHKNNQLALTLID
Lys175Asn,DTILWKDIFHKNNQLALTLID
Lys175Arg,DTILWKDIFHKNNQLALTLID
Lys175Thr,DTILWKDIFHKNNQLALTLID
Asn176Ile,TILWKDIFHKNNQLALTLIDT
Asn176Lys,TILWKDIFHKNNQLALTLIDT
Asn176Thr,TILWKDIFHKNNQLALTLIDT
Asn176Tyr,TILWKDIFHKNNQLALTLIDT
Asn177Asp,ILWKDIFHKNNQLALTLIDTN
Asn177His,ILWKDIFHKNNQLALTLIDTN
Asn177Lys,ILWKDIFHKNNQLALTLIDTN
Asn177Ser,ILWKDIFHKNNQLALTLIDTN
Gln178Glu,LWKDIFHKNNQLALTLIDTNR
Gln178His,LWKDIFHKNNQLALTLIDTNR
Gln178Lys,LWKDIFHKNNQLALTLIDTNR
Gln178Leu,LWKDIFHKNNQLALTLIDTNR
Leu179Val,WKDIFHKNNQLALTLIDTNRS
Ala180Gly,KDIFHKNNQLALTLIDTNRSR
Ala180Pro,KDIFHKNNQLALTLIDTNRSR
Ala180Ser,KDIFHKNNQLALTLIDTNRSR
Ala180Thr,KDIFHKNNQLALTLIDTNRSR
Ala180Val,KDIFHKNNQLALTLIDTNRSR
Leu181Phe,DIFHKNNQLALTLIDTNRSRA
Leu181His,DIFHKNNQLALTLIDTNRSRA
Leu181Ile,DIFHKNNQLALTLIDTNRSRA
Leu181Pro,DIFHKNNQLALTLIDTNRSRA
Leu181Val,DIFHKNNQLALTLIDTNRSRA
Thr182Ala,IFHKNNQLALTLIDTNRSRAC
Thr182Ile,IFHKNNQLALTLIDTNRSRAC
Thr182Lys,IFHKNNQLALTLIDTNRSRAC
Thr182Ser,IFHKNNQLALTLIDTNRSRAC
Leu183Met,FHKNNQLALTLIDTNRSRACH
Leu183Gln,FHKNNQLALTLIDTNRSRACH
Leu183Val,FHKNNQLALTLIDTNRSRACH
Ile184Lys,HKNNQLALTLIDTNRSRACHP
Ile184Met,HKNNQLALTLIDTNRSRACHP
Ile184Arg,HKNNQLALTLIDTNRSRACHP
Asp185Ala,KNNQLALTLIDTNRSRACHPC
Asp185Glu,KNNQLALTLIDTNRSRACHPC
Asp185Gly,KNNQLALTLIDTNRSRACHPC
Asp185His,KNNQLALTLIDTNRSRACHPC
Asp185Asn,KNNQLALTLIDTNRSRACHPC
Asp185Val,KNNQLALTLIDTNRSRACHPC
Thr186Ala,NNQLALTLIDTNRSRACHPCS
Thr186Ile,NNQLALTLIDTNRSRACHPCS
Thr186Asn,NNQLALTLIDTNRSRACHPCS
Thr186Ser,NNQLALTLIDTNRSRACHPCS
Asn187His,NQLALTLIDTNRSRACHPCSP
Asn187Ile,NQLALTLIDTNRSRACHPCSP
Asn187Lys,NQLALTLIDTNRSRACHPCSP
Asn187Ser,NQLALTLIDTNRSRACHPCSP
Asn187Thr,NQLALTLIDTNRSRACHPCSP
Asn187Tyr,NQLALTLIDTNRSRACHPCSP
Arg188Cys,QLALTLIDTNRSRACHPCSPM
Arg188Gly,QLALTLIDTNRSRACHPCSPM
Arg188His,QLALTLIDTNRSRACHPCSPM
Arg188Leu,QLALTLIDTNRSRACHPCSPM
Arg188Pro,QLALTLIDTNRSRACHPCSPM
Arg188Ser,QLALTLIDTNRSRACHPCSPM
Ser189Cys,LALTLIDTNRSRACHPCSPMC
Ser189Pro,LALTLIDTNRSRACHPCSPMC
Ser189Thr,LALTLIDTNRSRACHPCSPMC
Ser189Tyr,LALTLIDTNRSRACHPCSPMC
Arg190Gly,ALTLIDTNRSRACHPCSPMCK
Arg190Pro,ALTLIDTNRSRACHPCSPMCK
Arg190Gln,ALTLIDTNRSRACHPCSPMCK
Arg190Trp,ALTLIDTNRSRACHPCSPMCK
Ala191Asp,LTLIDTNRSRACHPCSPMCKG
Ala191Gly,LTLIDTNRSRACHPCSPMCKG
Ala191Pro,LTLIDTNRSRACHPCSPMCKG
Ala191Thr,LTLIDTNRSRACHPCSPMCKG
Ala191Val,LTLIDTNRSRACHPCSPMCKG
Cys192Gly,TLIDTNRSRACHPCSPMCKGS
Cys192Arg,TLIDTNRSRACHPCSPMCKGS
Cys192Ser,TLIDTNRSRACHPCSPMCKGS
Cys192Trp,TLIDTNRSRACHPCSPMCKGS
Cys192Tyr,TLIDTNRSRACHPCSPMCKGS
His193Pro,LIDTNRSRACHPCSPMCKGSR
His193Gln,LIDTNRSRACHPCSPMCKGSR
His193Tyr,LIDTNRSRACHPCSPMCKGSR
Pro194Ala,IDTNRSRACHPCSPMCKGSRC
Pro194Leu,IDTNRSRACHPCSPMCKGSRC
Pro194Arg,IDTNRSRACHPCSPMCKGSRC
Pro194Ser,IDTNRSRACHPCSPMCKGSRC
Pro194Thr,IDTNRSRACHPCSPMCKGSRC
Cys195Arg,DTNRSRACHPCSPMCKGSRCW
Cys195Ser,DTNRSRACHPCSPMCKGSRCW
Cys195Ser,DTNRSRACHPCSPMCKGSRCW
Cys195Tyr,DTNRSRACHPCSPMCKGSRCW
Ser196Cys,TNRSRACHPCSPMCKGSRCWG
Ser196Phe,TNRSRACHPCSPMCKGSRCWG
Pro197Ala,NRSRACHPCSPMCKGSRCWGE
Pro197Leu,NRSRACHPCSPMCKGSRCWGE
Pro197Gln,NRSRACHPCSPMCKGSRCWGE
Pro197Arg,NRSRACHPCSPMCKGSRCWGE
Pro197Ser,NRSRACHPCSPMCKGSRCWGE
Pro197Thr,NRSRACHPCSPMCKGSRCWGE
Met198Ile,RSRACHPCSPMCKGSRCWGES
Met198Leu,RSRACHPCSPMCKGSRCWGES
Met198Thr,RSRACHPCSPMCKGSRCWGES
Cys199Arg,SRACHPCSPMCKGSRCWGESS
Cys199Ser,SRACHPCSPMCKGSRCWGESS
Cys199Ser,SRACHPCSPMCKGSRCWGESS
Cys199Tyr,SRACHPCSPMCKGSRCWGESS
Lys200Met,RACHPCSPMCKGSRCWGESSE
Lys200Asn,RACHPCSPMCKGSRCWGESSE
Lys200Arg,RACHPCSPMCKGSRCWGESSE
Gly201Ala,ACHPCSPMCKGSRCWGESSED
Gly201Cys,ACHPCSPMCKGSRCWGESSED
Gly201Asp,ACHPCSPMCKGSRCWGESSED
Gly201Arg,ACHPCSPMCKGSRCWGESSED
Gly201Ser,ACHPCSPMCKGSRCWGESSED
Gly201Val,ACHPCSPMCKGSRCWGESSED
Ser202Cys,CHPCSPMCKGSRCWGESSEDC
Ser202Phe,CHPCSPMCKGSRCWGESSEDC
Ser202Pro,CHPCSPMCKGSRCWGESSEDC
Ser202Tyr,CHPCSPMCKGSRCWGESSEDC
Arg203Cys,HPCSPMCKGSRCWGESSEDCQ
Arg203Gly,HPCSPMCKGSRCWGESSEDCQ
Arg203His,HPCSPMCKGSRCWGESSEDCQ
Arg203Pro,HPCSPMCKGSRCWGESSEDCQ
Arg203Ser,HPCSPMCKGSRCWGESSEDCQ
Cys204Ser,PCSPMCKGSRCWGESSEDCQS
Cys204Trp,PCSPMCKGSRCWGESSEDCQS
Cys204Tyr,PCSPMCKGSRCWGESSEDCQS
Trp205Cys,CSPMCKGSRCWGESSEDCQSL
Trp205Leu,CSPMCKGSRCWGESSEDCQSL
Gly206Ala,SPMCKGSRCWGESSEDCQSLT
Gly206Glu,SPMCKGSRCWGESSEDCQSLT
Glu207Asp,PMCKGSRCWGESSEDCQSLTR
Glu207Gly,PMCKGSRCWGESSEDCQSLTR
Glu207Lys,PMCKGSRCWGESSEDCQSLTR
Glu207Val,PMCKGSRCWGESSEDCQSLTR
Ser208Cys,MCKGSRCWGESSEDCQSLTRT
Ser208Gly,MCKGSRCWGESSEDCQSLTRT
Ser208Asn,MCKGSRCWGESSEDCQSLTRT
Ser208Arg,MCKGSRCWGESSEDCQSLTRT
Ser208Thr,MCKGSRCWGESSEDCQSLTRT
Ser209Ala,CKGSRCWGESSEDCQSLTRTV
Glu210Asp,KGSRCWGESSEDCQSLTRTVC
Glu210Gly,KGSRCWGESSEDCQSLTRTVC
Glu210Lys,KGSRCWGESSEDCQSLTRTVC
Glu210Val,KGSRCWGESSEDCQSLTRTVC
Asp211Glu,GSRCWGESSEDCQSLTRTVCA
Asp211His,GSRCWGESSEDCQSLTRTVCA
Asp211Asn,GSRCWGESSEDCQSLTRTVCA
Asp211Val,GSRCWGESSEDCQSLTRTVCA
Asp211Tyr,GSRCWGESSEDCQSLTRTVCA
Cys212Ser,SRCWGESSEDCQSLTRTVCAG
Cys212Trp,SRCWGESSEDCQSLTRTVCAG
Cys212Tyr,SRCWGESSEDCQSLTRTVCAG
Gln213Glu,RCWGESSEDCQSLTRTVCAGG
Gln213His,RCWGESSEDCQSLTRTVCAGG
Gln213Lys,RCWGESSEDCQSLTRTVCAGG
Gln213Leu,RCWGESSEDCQSLTRTVCAGG
Gln213Arg,RCWGESSEDCQSLTRTVCAGG
Ser214Cys,CWGESSEDCQSLTRTVCAGGC
Ser214Gly,CWGESSEDCQSLTRTVCAGGC
Ser214Ile,CWGESSEDCQSLTRTVCAGGC
Ser214Asn,CWGESSEDCQSLTRTVCAGGC
Ser214Arg,CWGESSEDCQSLTRTVCAGGC
Leu215del,WGESSEDCQSLTRTVCAGGCA
Leu215Met,WGESSEDCQSLTRTVCAGGCA
Leu215Pro,WGESSEDCQSLTRTVCAGGCA
Leu215Gln,WGESSEDCQSLTRTVCAGGCA
Leu215Val,WGESSEDCQSLTRTVCAGGCA
Thr216Ala,GESSEDCQSLTRTVCAGGCAR
Thr216Lys,GESSEDCQSLTRTVCAGGCAR
Thr216Met,GESSEDCQSLTRTVCAGGCAR
Thr216Pro,GESSEDCQSLTRTVCAGGCAR
Thr216Arg,GESSEDCQSLTRTVCAGGCAR
Thr216Ser,GESSEDCQSLTRTVCAGGCAR
Arg217Cys,ESSEDCQSLTRTVCAGGCARC
Arg217Gly,ESSEDCQSLTRTVCAGGCARC
Arg217His,ESSEDCQSLTRTVCAGGCARC
Arg217Leu,ESSEDCQSLTRTVCAGGCARC
Arg217Pro,ESSEDCQSLTRTVCAGGCARC
Thr218Ala,SSEDCQSLTRTVCAGGCARCK
Thr218Ile,SSEDCQSLTRTVCAGGCARCK
Thr218Asn,SSEDCQSLTRTVCAGGCARCK
Thr218Pro,SSEDCQSLTRTVCAGGCARCK
Thr218Ser,SSEDCQSLTRTVCAGGCARCK
Thr218Ser,SSEDCQSLTRTVCAGGCARCK
Val219Ile,SEDCQSLTRTVCAGGCARCKG
Val219Leu,SEDCQSLTRTVCAGGCARCKG
Cys220Arg,EDCQSLTRTVCAGGCARCKGP
Cys220Ser,EDCQSLTRTVCAGGCARCKGP
Cys220Trp,EDCQSLTRTVCAGGCARCKGP
Cys220Tyr,EDCQSLTRTVCAGGCARCKGP
Ala221Gly,DCQSLTRTVCAGGCARCKGPL
Ala221Pro,DCQSLTRTVCAGGCARCKGPL
Ala221Thr,DCQSLTRTVCAGGCARCKGPL
Ala221Val,DCQSLTRTVCAGGCARCKGPL
Gly222Ala,CQSLTRTVCAGGCARCKGPLP
Gly222Cys,CQSLTRTVCAGGCARCKGPLP
Gly222Asp,CQSLTRTVCAGGCARCKGPLP
Gly222Arg,CQSLTRTVCAGGCARCKGPLP
Gly222Ser,CQSLTRTVCAGGCARCKGPLP
Gly222Val,CQSLTRTVCAGGCARCKGPLP
Gly223Ala,QSLTRTVCAGGCARCKGPLPT
Gly223Asp,QSLTRTVCAGGCARCKGPLPT
Gly223Ser,QSLTRTVCAGGCARCKGPLPT
Gly223Val,QSLTRTVCAGGCARCKGPLPT
Cys224Arg,SLTRTVCAGGCARCKGPLPTD
Cys224Ser,SLTRTVCAGGCARCKGPLPTD
Cys224Ser,SLTRTVCAGGCARCKGPLPTD
Cys224Trp,SLTRTVCAGGCARCKGPLPTD
Cys224Tyr,SLTRTVCAGGCARCKGPLPTD
Ala225Gly,LTRTVCAGGCARCKGPLPTDC
Ala225Val,LTRTVCAGGCARCKGPLPTDC
Arg226Cys,TRTVCAGGCARCKGPLPTDCC
Arg226Gly,TRTVCAGGCARCKGPLPTDCC
Arg226His,TRTVCAGGCARCKGPLPTDCC
Arg226Pro,TRTVCAGGCARCKGPLPTDCC
Arg226Ser,TRTVCAGGCARCKGPLPTDCC
Cys227Phe,RTVCAGGCARCKGPLPTDCCH
Cys227Arg,RTVCAGGCARCKGPLPTDCCH
Cys227Ser,RTVCAGGCARCKGPLPTDCCH
Cys227Ser,RTVCAGGCARCKGPLPTDCCH
Cys227Trp,RTVCAGGCARCKGPLPTDCCH
Cys227Tyr,RTVCAGGCARCKGPLPTDCCH
Gly229Ala,VCAGGCARCKGPLPTDCCHEQ
Gly229Glu,VCAGGCARCKGPLPTDCCHEQ
Gly229Arg,VCAGGCARCKGPLPTDCCHEQ
Gly229Val,VCAGGCARCKGPLPTDCCHEQ
Gly229Trp,VCAGGCARCKGPLPTDCCHEQ
Pro230Ala,CAGGCARCKGPLPTDCCHEQC
Pro230Ser,CAGGCARCKGPLPTDCCHEQC
Pro230Thr,CAGGCARCKGPLPTDCCHEQC
Leu231Gln,AGGCARCKGPLPTDCCHEQCA
Pro232Ala,GGCARCKGPLPTDCCHEQCAA
Pro232His,GGCARCKGPLPTDCCHEQCAA
Pro232Leu,GGCARCKGPLPTDCCHEQCAA
Pro232Ser,GGCARCKGPLPTDCCHEQCAA
Pro232Thr,GGCARCKGPLPTDCCHEQCAA
Thr233Ala,GCARCKGPLPTDCCHEQCAAG
Thr233Ile,GCARCKGPLPTDCCHEQCAAG
Thr233Pro,GCARCKGPLPTDCCHEQCAAG
Thr233Ser,GCARCKGPLPTDCCHEQCAAG
Thr233Ser,GCARCKGPLPTDCCHEQCAAG
Asp234Ala,CARCKGPLPTDCCHEQCAAGC
Asp234Glu,CARCKGPLPTDCCHEQCAAGC
Asp234Gly,CARCKGPLPTDCCHEQCAAGC
Asp234His,CARCKGPLPTDCCHEQCAAGC
Asp234Asn,CARCKGPLPTDCCHEQCAAGC
Asp234Val,CARCKGPLPTDCCHEQCAAGC
Asp234Tyr,CARCKGPLPTDCCHEQCAAGC
Cys235Phe,ARCKGPLPTDCCHEQCAAGCT
Cys235Arg,ARCKGPLPTDCCHEQCAAGCT
Cys235Ser,ARCKGPLPTDCCHEQCAAGCT
Cys235Ser,ARCKGPLPTDCCHEQCAAGCT
Cys235Trp,ARCKGPLPTDCCHEQCAAGCT
Cys235Tyr,ARCKGPLPTDCCHEQCAAGCT
Cys236Ser,RCKGPLPTDCCHEQCAAGCTG
Cys236Trp,RCKGPLPTDCCHEQCAAGCTG
His237Asp,CKGPLPTDCCHEQCAAGCTGP
His237Leu,CKGPLPTDCCHEQCAAGCTGP
His237Asn,CKGPLPTDCCHEQCAAGCTGP
His237Pro,CKGPLPTDCCHEQCAAGCTGP
His237Gln,CKGPLPTDCCHEQCAAGCTGP
His237Arg,CKGPLPTDCCHEQCAAGCTGP
His237Tyr,CKGPLPTDCCHEQCAAGCTGP
Glu238Asp,KGPLPTDCCHEQCAAGCTGPK
Glu238Gly,KGPLPTDCCHEQCAAGCTGPK
Glu238Lys,KGPLPTDCCHEQCAAGCTGPK
Glu238Gln,KGPLPTDCCHEQCAAGCTGPK
Glu238Val,KGPLPTDCCHEQCAAGCTGPK
Gln239Glu,GPLPTDCCHEQCAAGCTGPKH
Gln239His,GPLPTDCCHEQCAAGCTGPKH
Gln239Leu,GPLPTDCCHEQCAAGCTGPKH
Cys240Gly,PLPTDCCHEQCAAGCTGPKHS
Cys240Arg,PLPTDCCHEQCAAGCTGPKHS
Cys240Ser,PLPTDCCHEQCAAGCTGPKHS
Cys240Ser,PLPTDCCHEQCAAGCTGPKHS
Cys240Tyr,PLPTDCCHEQCAAGCTGPKHS
Ala241Gly,LPTDCCHEQCAAGCTGPKHSD
Ala241Pro,LPTDCCHEQCAAGCTGPKHSD
Ala241Thr,LPTDCCHEQCAAGCTGPKHSD
Ala241Val,LPTDCCHEQCAAGCTGPKHSD
Ala242Gly,PTDCCHEQCAAGCTGPKHSDC
Ala242Pro,PTDCCHEQCAAGCTGPKHSDC
Ala242Thr,PTDCCHEQCAAGCTGPKHSDC
Ala242Val,PTDCCHEQCAAGCTGPKHSDC
Gly243Ala,TDCCHEQCAAGCTGPKHSDCL
Gly243Asp,TDCCHEQCAAGCTGPKHSDCL
Gly243Ser,TDCCHEQCAAGCTGPKHSDCL
Gly243Val,TDCCHEQCAAGCTGPKHSDCL
Cys244Arg,DCCHEQCAAGCTGPKHSDCLA
Cys244Ser,DCCHEQCAAGCTGPKHSDCLA
Cys244Ser,DCCHEQCAAGCTGPKHSDCLA
Cys244Trp,DCCHEQCAAGCTGPKHSDCLA
Cys244Tyr,DCCHEQCAAGCTGPKHSDCLA
Thr245Ala,CCHEQCAAGCTGPKHSDCLAC
Thr245Met,CCHEQCAAGCTGPKHSDCLAC
Thr245Pro,CCHEQCAAGCTGPKHSDCLAC
Thr245Ser,CCHEQCAAGCTGPKHSDCLAC
Gly246Cys,CHEQCAAGCTGPKHSDCLACL
Gly246Arg,CHEQCAAGCTGPKHSDCLACL
Gly246Ser,CHEQCAAGCTGPKHSDCLACL
Pro247Ala,HEQCAAGCTGPKHSDCLACLH
Pro247His,HEQCAAGCTGPKHSDCLACLH
Pro247Leu,HEQCAAGCTGPKHSDCLACLH
Pro247Arg,HEQCAAGCTGPKHSDCLACLH
Pro247Thr,HEQCAAGCTGPKHSDCLACLH
Lys248Met,EQCAAGCTGPKHSDCLACLHF
Lys248Asn,EQCAAGCTGPKHSDCLACLHF
Lys248Arg,EQCAAGCTGPKHSDCLACLHF
His249Leu,QCAAGCTGPKHSDCLACLHFN
His249Pro,QCAAGCTGPKHSDCLACLHFN
His249Gln,QCAAGCTGPKHSDCLACLHFN
His249Arg,QCAAGCTGPKHSDCLACLHFN
His249Tyr,QCAAGCTGPKHSDCLACLHFN
Ser250Cys,CAAGCTGPKHSDCLACLHFNH
Ser250Phe,CAAGCTGPKHSDCLACLHFNH
Ser250Pro,CAAGCTGPKHSDCLACLHFNH
Ser250Thr,CAAGCTGPKHSDCLACLHFNH
Ser250Tyr,CAAGCTGPKHSDCLACLHFNH
Asp251Ala,AAGCTGPKHSDCLACLHFNHS
Asp251Glu,AAGCTGPKHSDCLACLHFNHS
Asp251Gly,AAGCTGPKHSDCLACLHFNHS
Asp251His,AAGCTGPKHSDCLACLHFNHS
Asp251Asn,AAGCTGPKHSDCLACLHFNHS
Asp251Val,AAGCTGPKHSDCLACLHFNHS
Cys252Ser,AGCTGPKHSDCLACLHFNHSG
Cys252Trp,AGCTGPKHSDCLACLHFNHSG
Cys252Tyr,AGCTGPKHSDCLACLHFNHSG
Leu253Met,GCTGPKHSDCLACLHFNHSGI
Leu253Val,GCTGPKHSDCLACLHFNHSGI
Ala254Asp,CTGPKHSDCLACLHFNHSGIC
Ala254Gly,CTGPKHSDCLACLHFNHSGIC
Ala254Pro,CTGPKHSDCLACLHFNHSGIC
Ala254Ser,CTGPKHSDCLACLHFNHSGIC
Ala254Thr,CTGPKHSDCLACLHFNHSGIC
Ala254Val,CTGPKHSDCLACLHFNHSGIC
Cys255Phe,TGPKHSDCLACLHFNHSGICE
Cys255Gly,TGPKHSDCLACLHFNHSGICE
Cys255Arg,TGPKHSDCLACLHFNHSGICE
Cys255Ser,TGPKHSDCLACLHFNHSGICE
Cys255Ser,TGPKHSDCLACLHFNHSGICE
Cys255Trp,TGPKHSDCLACLHFNHSGICE
Cys255Tyr,TGPKHSDCLACLHFNHSGICE
Leu256Ile,GPKHSDCLACLHFNHSGICEL
Leu256Pro,GPKHSDCLACLHFNHSGICEL
His257Asp,PKHSDCLACLHFNHSGICELH
His257Leu,PKHSDCLACLHFNHSGICELH
His257Asn,PKHSDCLACLHFNHSGICELH
His257Pro,PKHSDCLACLHFNHSGICELH
His257Gln,PKHSDCLACLHFNHSGICELH
His257Arg,PKHSDCLACLHFNHSGICELH
His257Tyr,PKHSDCLACLHFNHSGICELH
Phe258Ile,KHSDCLACLHFNHSGICELHC
Phe258Leu,KHSDCLACLHFNHSGICELHC
Phe258Leu,KHSDCLACLHFNHSGICELHC
Phe258Ser,KHSDCLACLHFNHSGICELHC
Phe258Tyr,KHSDCLACLHFNHSGICELHC
Asn259His,HSDCLACLHFNHSGICELHCP
Asn259Lys,HSDCLACLHFNHSGICELHCP
Asn259Ser,HSDCLACLHFNHSGICELHCP
Asn259Tyr,HSDCLACLHFNHSGICELHCP
His260Leu,SDCLACLHFNHSGICELHCPA
His260Asn,SDCLACLHFNHSGICELHCPA
His260Pro,SDCLACLHFNHSGICELHCPA
His260Gln,SDCLACLHFNHSGICELHCPA
His260Arg,SDCLACLHFNHSGICELHCPA
His260Tyr,SDCLACLHFNHSGICELHCPA
Ser261Cys,DCLACLHFNHSGICELHCPAL
Ser261Gly,DCLACLHFNHSGICELHCPAL
Ser261Asn,DCLACLHFNHSGICELHCPAL
Ser261Arg,DCLACLHFNHSGICELHCPAL
Ser261Thr,DCLACLHFNHSGICELHCPAL
Gly262Ala,CLACLHFNHSGICELHCPALV
Gly262Asp,CLACLHFNHSGICELHCPALV
Gly262Arg,CLACLHFNHSGICELHCPALV
Gly262Ser,CLACLHFNHSGICELHCPALV
Gly262Val,CLACLHFNHSGICELHCPALV
Ile263Phe,LACLHFNHSGICELHCPALVT
Ile263Leu,LACLHFNHSGICELHCPALVT
Ile263Met,LACLHFNHSGICELHCPALVT
Ile263Asn,LACLHFNHSGICELHCPALVT
Ile263Thr,LACLHFNHSGICELHCPALVT
Ile263Val,LACLHFNHSGICELHCPALVT
Cys264Arg,ACLHFNHSGICELHCPALVTY
Cys264Ser,ACLHFNHSGICELHCPALVTY
Cys264Ser,ACLHFNHSGICELHCPALVTY
Cys264Trp,ACLHFNHSGICELHCPALVTY
Glu265Asp,CLHFNHSGICELHCPALVTYN
Glu265Gly,CLHFNHSGICELHCPALVTYN
Glu265Lys,CLHFNHSGICELHCPALVTYN
Glu265Gln,CLHFNHSGICELHCPALVTYN
Glu265Val,CLHFNHSGICELHCPALVTYN
His267Asp,HFNHSGICELHCPALVTYNTD
His267Leu,HFNHSGICELHCPALVTYNTD
His267Gln,HFNHSGICELHCPALVTYNTD
His267Tyr,HFNHSGICELHCPALVTYNTD
Cys268Ser,FNHSGICELHCPALVTYNTDT
Cys268Trp,FNHSGICELHCPALVTYNTDT
Pro269Ala,NHSGICELHCPALVTYNTDTF
Pro269Leu,NHSGICELHCPALVTYNTDTF
Pro269Gln,NHSGICELHCPALVTYNTDTF
Pro269Ser,NHSGICELHCPALVTYNTDTF
Pro269Thr,NHSGICELHCPALVTYNTDTF
Ala270Asp,HSGICELHCPALVTYNTDTFE
Ala270Gly,HSGICELHCPALVTYNTDTFE
Ala270Pro,HSGICELHCPALVTYNTDTFE
Ala270Ser,HSGICELHCPALVTYNTDTFE
Ala270Thr,HSGICELHCPALVTYNTDTFE
Ala270Val,HSGICELHCPALVTYNTDTFE
Leu271Met,SGICELHCPALVTYNTDTFES
Leu271Val,SGICELHCPALVTYNTDTFES
Val272Ala,GICELHCPALVTYNTDTFESM
Val272Asp,GICELHCPALVTYNTDTFESM
Val272Phe,GICELHCPALVTYNTDTFESM
Val272Gly,GICELHCPALVTYNTDTFESM
Val272Ile,GICELHCPALVTYNTDTFESM
Val272Leu,GICELHCPALVTYNTDTFESM
Thr273Ala,ICELHCPALVTYNTDTFESMP
Thr273Ile,ICELHCPALVTYNTDTFESMP
Thr273Pro,ICELHCPALVTYNTDTFESMP
Thr273Ser,ICELHCPALVTYNTDTFESMP
Thr273Ser,ICELHCPALVTYNTDTFESMP
Tyr274His,CELHCPALVTYNTDTFESMPN
Tyr274Asn,CELHCPALVTYNTDTFESMPN
Asn275Ile,ELHCPALVTYNTDTFESMPNP
Asn275Lys,ELHCPALVTYNTDTFESMPNP
Asn275Tyr,ELHCPALVTYNTDTFESMPNP
Thr276Ala,LHCPALVTYNTDTFESMPNPE
Thr276Ile,LHCPALVTYNTDTFESMPNPE
Thr276Lys,LHCPALVTYNTDTFESMPNPE
Thr276Pro,LHCPALVTYNTDTFESMPNPE
Thr276Arg,LHCPALVTYNTDTFESMPNPE
Thr276Ser,LHCPALVTYNTDTFESMPNPE
Asp277Ala,HCPALVTYNTDTFESMPNPEG
Asp277Glu,HCPALVTYNTDTFESMPNPEG
Asp277Gly,HCPALVTYNTDTFESMPNPEG
Asp277His,HCPALVTYNTDTFESMPNPEG
Asp277Asn,HCPALVTYNTDTFESMPNPEG
Asp277Val,HCPALVTYNTDTFESMPNPEG
Asp277Tyr,HCPALVTYNTDTFESMPNPEG
Thr278Lys,CPALVTYNTDTFESMPNPEGR
Thr278Met,CPALVTYNTDTFESMPNPEGR
Thr278Pro,CPALVTYNTDTFESMPNPEGR
Thr278Arg,CPALVTYNTDTFESMPNPEGR
Thr278Ser,CPALVTYNTDTFESMPNPEGR
Phe279Cys,PALVTYNTDTFESMPNPEGRY
Phe279Ile,PALVTYNTDTFESMPNPEGRY
Phe279Leu,PALVTYNTDTFESMPNPEGRY
Phe279Val,PALVTYNTDTFESMPNPEGRY
Phe279Tyr,PALVTYNTDTFESMPNPEGRY
Glu280Asp,ALVTYNTDTFESMPNPEGRYT
Glu280Gly,ALVTYNTDTFESMPNPEGRYT
Glu280Lys,ALVTYNTDTFESMPNPEGRYT
Glu280Gln,ALVTYNTDTFESMPNPEGRYT
Glu280Val,ALVTYNTDTFESMPNPEGRYT
Ser281Cys,LVTYNTDTFESMPNPEGRYTF
Ser281Phe,LVTYNTDTFESMPNPEGRYTF
Ser281Tyr,LVTYNTDTFESMPNPEGRYTF
Met282Ile,VTYNTDTFESMPNPEGRYTFG
Met282Lys,VTYNTDTFESMPNPEGRYTFG
Met282Leu,VTYNTDTFESMPNPEGRYTFG
Met282Arg,VTYNTDTFESMPNPEGRYTFG
Met282Val,VTYNTDTFESMPNPEGRYTFG
Pro283His,TYNTDTFESMPNPEGRYTFGA
Pro283Leu,TYNTDTFESMPNPEGRYTFGA
Pro283Arg,TYNTDTFESMPNPEGRYTFGA
Pro283Thr,TYNTDTFESMPNPEGRYTFGA
Asn284Ile,YNTDTFESMPNPEGRYTFGAS
Asn284Thr,YNTDTFESMPNPEGRYTFGAS
Pro285Ala,NTDTFESMPNPEGRYTFGASC
Pro285His,NTDTFESMPNPEGRYTFGASC
Pro285Leu,NTDTFESMPNPEGRYTFGASC
Pro285Arg,NTDTFESMPNPEGRYTFGASC
Pro285Ser,NTDTFESMPNPEGRYTFGASC
Pro285Thr,NTDTFESMPNPEGRYTFGASC
Glu286Ala,TDTFESMPNPEGRYTFGASCV
Glu286Asp,TDTFESMPNPEGRYTFGASCV
Glu286Gly,TDTFESMPNPEGRYTFGASCV
Glu286Lys,TDTFESMPNPEGRYTFGASCV
Glu286Gln,TDTFESMPNPEGRYTFGASCV
Glu286Val,TDTFESMPNPEGRYTFGASCV
Gly287Ala,DTFESMPNPEGRYTFGASCVT
Gly287Asp,DTFESMPNPEGRYTFGASCVT
Gly287Arg,DTFESMPNPEGRYTFGASCVT
Gly287Ser,DTFESMPNPEGRYTFGASCVT
Arg288Gly,TFESMPNPEGRYTFGASCVTA
Arg288Pro,TFESMPNPEGRYTFGASCVTA
Arg288Gln,TFESMPNPEGRYTFGASCVTA
Arg288Trp,TFESMPNPEGRYTFGASCVTA
Tyr289Phe,FESMPNPEGRYTFGASCVTAC
Tyr289Ser,FESMPNPEGRYTFGASCVTAC
Thr290Ala,ESMPNPEGRYTFGASCVTACP
Thr290Ile,ESMPNPEGRYTFGASCVTACP
Thr290Lys,ESMPNPEGRYTFGASCVTACP
Thr290Pro,ESMPNPEGRYTFGASCVTACP
Thr290Arg,ESMPNPEGRYTFGASCVTACP
Thr290Ser,ESMPNPEGRYTFGASCVTACP
Phe291Ile,SMPNPEGRYTFGASCVTACPY
Phe291Leu,SMPNPEGRYTFGASCVTACPY
Gly292Ala,MPNPEGRYTFGASCVTACPYN
Gly292Cys,MPNPEGRYTFGASCVTACPYN
Gly292Asp,MPNPEGRYTFGASCVTACPYN
Gly292Arg,MPNPEGRYTFGASCVTACPYN
Gly292Ser,MPNPEGRYTFGASCVTACPYN
Gly292Val,MPNPEGRYTFGASCVTACPYN
Ala293Gly,PNPEGRYTFGASCVTACPYNY
Ala293Thr,PNPEGRYTFGASCVTACPYNY
Ala293Val,PNPEGRYTFGASCVTACPYNY
Ser294Cys,NPEGRYTFGASCVTACPYNYL
Ser294Gly,NPEGRYTFGASCVTACPYNYL
Ser294Ile,NPEGRYTFGASCVTACPYNYL
Ser294Asn,NPEGRYTFGASCVTACPYNYL
Ser294Arg,NPEGRYTFGASCVTACPYNYL
Ser294Thr,NPEGRYTFGASCVTACPYNYL
Cys295Arg,PEGRYTFGASCVTACPYNYLS
Cys295Ser,PEGRYTFGASCVTACPYNYLS
Cys295Ser,PEGRYTFGASCVTACPYNYLS
Cys295Tyr,PEGRYTFGASCVTACPYNYLS
Val296Ala,EGRYTFGASCVTACPYNYLST
Val296Leu,EGRYTFGASCVTACPYNYLST
Val296Met,EGRYTFGASCVTACPYNYLST
Thr297Ile,GRYTFGASCVTACPYNYLSTD
Thr297Asn,GRYTFGASCVTACPYNYLSTD
Thr297Pro,GRYTFGASCVTACPYNYLSTD
Ala298Asp,RYTFGASCVTACPYNYLSTDV
Ala298Gly,RYTFGASCVTACPYNYLSTDV
Ala298Pro,RYTFGASCVTACPYNYLSTDV
Ala298Thr,RYTFGASCVTACPYNYLSTDV
Ala298Val,RYTFGASCVTACPYNYLSTDV
Cys299Arg,YTFGASCVTACPYNYLSTDVG
Cys299Ser,YTFGASCVTACPYNYLSTDVG
Cys299Ser,YTFGASCVTACPYNYLSTDVG
Cys299Trp,YTFGASCVTACPYNYLSTDVG
Cys299Tyr,YTFGASCVTACPYNYLSTDVG
Pro300del,TFGASCVTACPYNYLSTDVGS
Pro300Ala,TFGASCVTACPYNYLSTDVGS
Pro300His,TFGASCVTACPYNYLSTDVGS
Pro300Leu,TFGASCVTACPYNYLSTDVGS
Pro300Arg,TFGASCVTACPYNYLSTDVGS
Pro300Ser,TFGASCVTACPYNYLSTDVGS
Pro300Thr,TFGASCVTACPYNYLSTDVGS
Tyr301Asp,FGASCVTACPYNYLSTDVGSC
Tyr301Phe,FGASCVTACPYNYLSTDVGSC
Tyr301His,FGASCVTACPYNYLSTDVGSC
Tyr301Asn,FGASCVTACPYNYLSTDVGSC
Tyr301Ser,FGASCVTACPYNYLSTDVGSC
Asn302Ile,GASCVTACPYNYLSTDVGSCT
Asn302Lys,GASCVTACPYNYLSTDVGSCT
Asn302Ser,GASCVTACPYNYLSTDVGSCT
Tyr303Cys,ASCVTACPYNYLSTDVGSCTL
Tyr303Phe,ASCVTACPYNYLSTDVGSCTL
Tyr303His,ASCVTACPYNYLSTDVGSCTL
Tyr303Asn,ASCVTACPYNYLSTDVGSCTL
Ser305Cys,CVTACPYNYLSTDVGSCTLVC
Ser305Phe,CVTACPYNYLSTDVGSCTLVC
Ser305Pro,CVTACPYNYLSTDVGSCTLVC
Ser305Tyr,CVTACPYNYLSTDVGSCTLVC
Thr306Ala,VTACPYNYLSTDVGSCTLVCP
Thr306Lys,VTACPYNYLSTDVGSCTLVCP
Thr306Met,VTACPYNYLSTDVGSCTLVCP
Thr306Pro,VTACPYNYLSTDVGSCTLVCP
Thr306Arg,VTACPYNYLSTDVGSCTLVCP
Thr306Ser,VTACPYNYLSTDVGSCTLVCP
Asp307Glu,TACPYNYLSTDVGSCTLVCPL
Asp307Gly,TACPYNYLSTDVGSCTLVCPL
Asp307His,TACPYNYLSTDVGSCTLVCPL
Asp307Asn,TACPYNYLSTDVGSCTLVCPL
Asp307Val,TACPYNYLSTDVGSCTLVCPL
Asp307Tyr,TACPYNYLSTDVGSCTLVCPL
Val308Leu,ACPYNYLSTDVGSCTLVCPLH
Val308Met,ACPYNYLSTDVGSCTLVCPLH
Gly309Ala,CPYNYLSTDVGSCTLVCPLHN
Gly309Glu,CPYNYLSTDVGSCTLVCPLHN
Gly309Arg,CPYNYLSTDVGSCTLVCPLHN
Gly309Val,CPYNYLSTDVGSCTLVCPLHN
Ser310Cys,PYNYLSTDVGSCTLVCPLHNQ
Ser310Phe,PYNYLSTDVGSCTLVCPLHNQ
Ser310Pro,PYNYLSTDVGSCTLVCPLHNQ
Ser310Tyr,PYNYLSTDVGSCTLVCPLHNQ
Cys311Arg,YNYLSTDVGSCTLVCPLHNQE
Cys311Ser,YNYLSTDVGSCTLVCPLHNQE
Cys311Trp,YNYLSTDVGSCTLVCPLHNQE
Cys311Tyr,YNYLSTDVGSCTLVCPLHNQE
Thr312Ile,NYLSTDVGSCTLVCPLHNQEV
Thr312Pro,NYLSTDVGSCTLVCPLHNQEV
Thr312Ser,NYLSTDVGSCTLVCPLHNQEV
Thr312Ser,NYLSTDVGSCTLVCPLHNQEV
Leu313Phe,YLSTDVGSCTLVCPLHNQEVT
Leu313His,YLSTDVGSCTLVCPLHNQEVT
Leu313Ile,YLSTDVGSCTLVCPLHNQEVT
Leu313Pro,YLSTDVGSCTLVCPLHNQEVT
Leu313Val,YLSTDVGSCTLVCPLHNQEVT
Val314Ala,LSTDVGSCTLVCPLHNQEVTA
Val314Asp,LSTDVGSCTLVCPLHNQEVTA
Val314Gly,LSTDVGSCTLVCPLHNQEVTA
Val314Ile,LSTDVGSCTLVCPLHNQEVTA
Val314Leu,LSTDVGSCTLVCPLHNQEVTA
Cys315Arg,STDVGSCTLVCPLHNQEVTAE
Cys315Ser,STDVGSCTLVCPLHNQEVTAE
Cys315Trp,STDVGSCTLVCPLHNQEVTAE
Cys315Tyr,STDVGSCTLVCPLHNQEVTAE
Pro316Thr,TDVGSCTLVCPLHNQEVTAED
Leu317Met,DVGSCTLVCPLHNQEVTAEDG
Leu317Pro,DVGSCTLVCPLHNQEVTAEDG
Leu317Gln,DVGSCTLVCPLHNQEVTAEDG
Leu317Arg,DVGSCTLVCPLHNQEVTAEDG
His318Asp,VGSCTLVCPLHNQEVTAEDGT
His318Leu,VGSCTLVCPLHNQEVTAEDGT
His318Pro,VGSCTLVCPLHNQEVTAEDGT
His318Gln,VGSCTLVCPLHNQEVTAEDGT
His318Arg,VGSCTLVCPLHNQEVTAEDGT
His318Tyr,VGSCTLVCPLHNQEVTAEDGT
Asn319Lys,GSCTLVCPLHNQEVTAEDGTQ
Gln320Ter,SCTLVCPLHNQEVTAEDGTQR
Gln320Glu,SCTLVCPLHNQEVTAEDGTQR
Gln320His,SCTLVCPLHNQEVTAEDGTQR
Gln320Lys,SCTLVCPLHNQEVTAEDGTQR
Glu321Asp,CTLVCPLHNQEVTAEDGTQRC
Glu321Gly,CTLVCPLHNQEVTAEDGTQRC
Glu321Lys,CTLVCPLHNQEVTAEDGTQRC
Glu321Gln,CTLVCPLHNQEVTAEDGTQRC
Val322Ala,TLVCPLHNQEVTAEDGTQRCE
Val322Glu,TLVCPLHNQEVTAEDGTQRCE
Val322Gly,TLVCPLHNQEVTAEDGTQRCE
Val322Leu,TLVCPLHNQEVTAEDGTQRCE
Thr323Ala,LVCPLHNQEVTAEDGTQRCEK
Thr323Ile,LVCPLHNQEVTAEDGTQRCEK
Thr323Arg,LVCPLHNQEVTAEDGTQRCEK
Thr323Ser,LVCPLHNQEVTAEDGTQRCEK
Ala324Gly,VCPLHNQEVTAEDGTQRCEKC
Ala324Pro,VCPLHNQEVTAEDGTQRCEKC
Ala324Thr,VCPLHNQEVTAEDGTQRCEKC
Ala324Val,VCPLHNQEVTAEDGTQRCEKC
Glu325Asp,CPLHNQEVTAEDGTQRCEKCS
Glu325Lys,CPLHNQEVTAEDGTQRCEKCS
Asp326His,PLHNQEVTAEDGTQRCEKCSK
Asp326Asn,PLHNQEVTAEDGTQRCEKCSK
Asp326Tyr,PLHNQEVTAEDGTQRCEKCSK
Gly327Ala,LHNQEVTAEDGTQRCEKCSKP
Gly327Glu,LHNQEVTAEDGTQRCEKCSKP
Gly327Arg,LHNQEVTAEDGTQRCEKCSKP
Gly327Val,LHNQEVTAEDGTQRCEKCSKP
Thr328Ile,HNQEVTAEDGTQRCEKCSKPC
Thr328Lys,HNQEVTAEDGTQRCEKCSKPC
Thr328Pro,HNQEVTAEDGTQRCEKCSKPC
Thr328Arg,HNQEVTAEDGTQRCEKCSKPC
Thr328Ser,HNQEVTAEDGTQRCEKCSKPC
Gln329Glu,NQEVTAEDGTQRCEKCSKPCA
Gln329Leu,NQEVTAEDGTQRCEKCSKPCA
Gln329Arg,NQEVTAEDGTQRCEKCSKPCA
Arg330Gly,QEVTAEDGTQRCEKCSKPCAR
Arg330Pro,QEVTAEDGTQRCEKCSKPCAR
Arg330Gln,QEVTAEDGTQRCEKCSKPCAR
Arg330Trp,QEVTAEDGTQRCEKCSKPCAR
Cys331Gly,EVTAEDGTQRCEKCSKPCARV
Cys331Ser,EVTAEDGTQRCEKCSKPCARV
Cys331Ser,EVTAEDGTQRCEKCSKPCARV
Cys331Tyr,EVTAEDGTQRCEKCSKPCARV
Glu332Asp,VTAEDGTQRCEKCSKPCARVC
Glu332Gly,VTAEDGTQRCEKCSKPCARVC
Glu332Lys,VTAEDGTQRCEKCSKPCARVC
Glu332Val,VTAEDGTQRCEKCSKPCARVC
Lys333Met,TAEDGTQRCEKCSKPCARVCY
Lys333Asn,TAEDGTQRCEKCSKPCARVCY
Cys334Phe,AEDGTQRCEKCSKPCARVCYG
Cys334Gly,AEDGTQRCEKCSKPCARVCYG
Cys334Arg,AEDGTQRCEKCSKPCARVCYG
Cys334Ser,AEDGTQRCEKCSKPCARVCYG
Cys334Trp,AEDGTQRCEKCSKPCARVCYG
Cys334Tyr,AEDGTQRCEKCSKPCARVCYG
Ser335Cys,EDGTQRCEKCSKPCARVCYGL
Ser335Gly,EDGTQRCEKCSKPCARVCYGL
Ser335Asn,EDGTQRCEKCSKPCARVCYGL
Ser335Arg,EDGTQRCEKCSKPCARVCYGL
Ser335Thr,EDGTQRCEKCSKPCARVCYGL
Lys336Met,DGTQRCEKCSKPCARVCYGLG
Lys336Asn,DGTQRCEKCSKPCARVCYGLG
Lys336Arg,DGTQRCEKCSKPCARVCYGLG
Pro337Leu,GTQRCEKCSKPCARVCYGLGM
Pro337Arg,GTQRCEKCSKPCARVCYGLGM
Pro337Ser,GTQRCEKCSKPCARVCYGLGM
Pro337Thr,GTQRCEKCSKPCARVCYGLGM
Cys338Arg,TQRCEKCSKPCARVCYGLGME
Cys338Ser,TQRCEKCSKPCARVCYGLGME
Cys338Ser,TQRCEKCSKPCARVCYGLGME
Cys338Trp,TQRCEKCSKPCARVCYGLGME
Cys338Tyr,TQRCEKCSKPCARVCYGLGME
Ala339Gly,QRCEKCSKPCARVCYGLGMEH
Ala339Pro,QRCEKCSKPCARVCYGLGMEH
Ala339Thr,QRCEKCSKPCARVCYGLGMEH
Ala339Val,QRCEKCSKPCARVCYGLGMEH
Arg340Gly,RCEKCSKPCARVCYGLGMEHL
Arg340Pro,RCEKCSKPCARVCYGLGMEHL
Arg340Gln,RCEKCSKPCARVCYGLGMEHL
Val341Ala,CEKCSKPCARVCYGLGMEHLR
Val341Glu,CEKCSKPCARVCYGLGMEHLR
Val341Gly,CEKCSKPCARVCYGLGMEHLR
Val341Met,CEKCSKPCARVCYGLGMEHLR
Cys342Phe,EKCSKPCARVCYGLGMEHLRE
Cys342Arg,EKCSKPCARVCYGLGMEHLRE
Cys342Ser,EKCSKPCARVCYGLGMEHLRE
Cys342Ser,EKCSKPCARVCYGLGMEHLRE
Cys342Trp,EKCSKPCARVCYGLGMEHLRE
Cys342Tyr,EKCSKPCARVCYGLGMEHLRE
Tyr343Cys,KCSKPCARVCYGLGMEHLREV
Tyr343Phe,KCSKPCARVCYGLGMEHLREV
Tyr343His,KCSKPCARVCYGLGMEHLREV
Tyr343Asn,KCSKPCARVCYGLGMEHLREV
Gly344Ala,CSKPCARVCYGLGMEHLREVR
Gly344Asp,CSKPCARVCYGLGMEHLREVR
Gly344Arg,CSKPCARVCYGLGMEHLREVR
Gly344Ser,CSKPCARVCYGLGMEHLREVR
Gly344Val,CSKPCARVCYGLGMEHLREVR
Leu345Val,SKPCARVCYGLGMEHLREVRA
Gly346Ala,KPCARVCYGLGMEHLREVRAV
Gly346Cys,KPCARVCYGLGMEHLREVRAV
Gly346Asp,KPCARVCYGLGMEHLREVRAV
Gly346Arg,KPCARVCYGLGMEHLREVRAV
Gly346Ser,KPCARVCYGLGMEHLREVRAV
Gly346Val,KPCARVCYGLGMEHLREVRAV
Met347Lys,PCARVCYGLGMEHLREVRAVT
Met347Leu,PCARVCYGLGMEHLREVRAVT
Met347Thr,PCARVCYGLGMEHLREVRAVT
Met347Val,PCARVCYGLGMEHLREVRAVT
Glu348Ter,CARVCYGLGMEHLREVRAVTS
Glu348Asp,CARVCYGLGMEHLREVRAVTS
Glu348Gly,CARVCYGLGMEHLREVRAVTS
Glu348Lys,CARVCYGLGMEHLREVRAVTS
Glu348Gln,CARVCYGLGMEHLREVRAVTS
His349Asp,ARVCYGLGMEHLREVRAVTSA
His349Leu,ARVCYGLGMEHLREVRAVTSA
His349Pro,ARVCYGLGMEHLREVRAVTSA
His349Gln,ARVCYGLGMEHLREVRAVTSA
His349Tyr,ARVCYGLGMEHLREVRAVTSA
Leu350Phe,RVCYGLGMEHLREVRAVTSAN
Leu350Met,RVCYGLGMEHLREVRAVTSAN
Leu350Ser,RVCYGLGMEHLREVRAVTSAN
Arg351Ter,VCYGLGMEHLREVRAVTSANI
Arg351Gly,VCYGLGMEHLREVRAVTSANI
Arg351Pro,VCYGLGMEHLREVRAVTSANI
Arg351Gln,VCYGLGMEHLREVRAVTSANI
Glu352Asp,CYGLGMEHLREVRAVTSANIQ
Glu352Gly,CYGLGMEHLREVRAVTSANIQ
Glu352Lys,CYGLGMEHLREVRAVTSANIQ
Glu352Gln,CYGLGMEHLREVRAVTSANIQ
Glu352Val,CYGLGMEHLREVRAVTSANIQ
Val353Ala,YGLGMEHLREVRAVTSANIQE
Val353Glu,YGLGMEHLREVRAVTSANIQE
Val353Gly,YGLGMEHLREVRAVTSANIQE
Val353Leu,YGLGMEHLREVRAVTSANIQE
Val353Met,YGLGMEHLREVRAVTSANIQE
Arg354Gly,GLGMEHLREVRAVTSANIQEF
Arg354Met,GLGMEHLREVRAVTSANIQEF
Arg354Ser,GLGMEHLREVRAVTSANIQEF
Arg354Trp,GLGMEHLREVRAVTSANIQEF
Ala355Glu,LGMEHLREVRAVTSANIQEFA
Ala355Gly,LGMEHLREVRAVTSANIQEFA
Ala355Pro,LGMEHLREVRAVTSANIQEFA
Ala355Ser,LGMEHLREVRAVTSANIQEFA
Ala355Thr,LGMEHLREVRAVTSANIQEFA
Ala355Val,LGMEHLREVRAVTSANIQEFA
Val356Asp,GMEHLREVRAVTSANIQEFAG
Val356Gly,GMEHLREVRAVTSANIQEFAG
Thr357Ala,MEHLREVRAVTSANIQEFAGC
Thr357Ile,MEHLREVRAVTSANIQEFAGC
Thr357Pro,MEHLREVRAVTSANIQEFAGC
Thr357Ser,MEHLREVRAVTSANIQEFAGC
Thr357Ser,MEHLREVRAVTSANIQEFAGC
Ser358Cys,EHLREVRAVTSANIQEFAGCK
Ser358Arg,EHLREVRAVTSANIQEFAGCK
Ser358Thr,EHLREVRAVTSANIQEFAGCK
Ala359Asp,HLREVRAVTSANIQEFAGCKK
Ala359Gly,HLREVRAVTSANIQEFAGCKK
Ala359Pro,HLREVRAVTSANIQEFAGCKK
Ala359Thr,HLREVRAVTSANIQEFAGCKK
Ala359Val,HLREVRAVTSANIQEFAGCKK
Asn360Ile,LREVRAVTSANIQEFAGCKKI
Asn360Lys,LREVRAVTSANIQEFAGCKKI
Asn360Tyr,LREVRAVTSANIQEFAGCKKI
Ile361Phe,REVRAVTSANIQEFAGCKKIF
Ile361Leu,REVRAVTSANIQEFAGCKKIF
Gln362Glu,EVRAVTSANIQEFAGCKKIFG
Gln362Lys,EVRAVTSANIQEFAGCKKIFG
Gln362Leu,EVRAVTSANIQEFAGCKKIFG
Gln362Arg,EVRAVTSANIQEFAGCKKIFG
Glu363Asp,VRAVTSANIQEFAGCKKIFGS
Glu363Lys,VRAVTSANIQEFAGCKKIFGS
Glu363Gln,VRAVTSANIQEFAGCKKIFGS
Glu363Val,VRAVTSANIQEFAGCKKIFGS
Phe364Cys,RAVTSANIQEFAGCKKIFGSL
Phe364Ile,RAVTSANIQEFAGCKKIFGSL
Phe364Leu,RAVTSANIQEFAGCKKIFGSL
Phe364Ser,RAVTSANIQEFAGCKKIFGSL
Phe364Val,RAVTSANIQEFAGCKKIFGSL
Phe364Tyr,RAVTSANIQEFAGCKKIFGSL
Ala365Asp,AVTSANIQEFAGCKKIFGSLA
Ala365Gly,AVTSANIQEFAGCKKIFGSLA
Ala365Pro,AVTSANIQEFAGCKKIFGSLA
Ala365Ser,AVTSANIQEFAGCKKIFGSLA
Ala365Thr,AVTSANIQEFAGCKKIFGSLA
Ala365Val,AVTSANIQEFAGCKKIFGSLA
Gly366Ala,VTSANIQEFAGCKKIFGSLAF
Gly366Asp,VTSANIQEFAGCKKIFGSLAF
Gly366Arg,VTSANIQEFAGCKKIFGSLAF
Gly366Ser,VTSANIQEFAGCKKIFGSLAF
Gly366Val,VTSANIQEFAGCKKIFGSLAF
Cys367Gly,TSANIQEFAGCKKIFGSLAFL
Cys367Arg,TSANIQEFAGCKKIFGSLAFL
Cys367Ser,TSANIQEFAGCKKIFGSLAFL
Cys367Ser,TSANIQEFAGCKKIFGSLAFL
Cys367Trp,TSANIQEFAGCKKIFGSLAFL
Cys367Tyr,TSANIQEFAGCKKIFGSLAFL
Lys368Met,SANIQEFAGCKKIFGSLAFLP
Lys368Asn,SANIQEFAGCKKIFGSLAFLP
Lys369Met,ANIQEFAGCKKIFGSLAFLPE
Lys369Asn,ANIQEFAGCKKIFGSLAFLPE
Ile370Phe,NIQEFAGCKKIFGSLAFLPES
Ile370Met,NIQEFAGCKKIFGSLAFLPES
Ile370Asn,NIQEFAGCKKIFGSLAFLPES
Ile370Ser,NIQEFAGCKKIFGSLAFLPES
Ile370Thr,NIQEFAGCKKIFGSLAFLPES
Ile370Val,NIQEFAGCKKIFGSLAFLPES
Phe371Cys,IQEFAGCKKIFGSLAFLPESF
Phe371Ile,IQEFAGCKKIFGSLAFLPESF
Phe371Leu,IQEFAGCKKIFGSLAFLPESF
Phe371Leu,IQEFAGCKKIFGSLAFLPESF
Phe371Ser,IQEFAGCKKIFGSLAFLPESF
Phe371Tyr,IQEFAGCKKIFGSLAFLPESF
Gly372Ala,QEFAGCKKIFGSLAFLPESFD
Gly372Glu,QEFAGCKKIFGSLAFLPESFD
Gly372Arg,QEFAGCKKIFGSLAFLPESFD
Gly372Val,QEFAGCKKIFGSLAFLPESFD
Gly372Trp,QEFAGCKKIFGSLAFLPESFD
Ser373Cys,EFAGCKKIFGSLAFLPESFDG
Ser373Gly,EFAGCKKIFGSLAFLPESFDG
Ser373Asn,EFAGCKKIFGSLAFLPESFDG
Ser373Arg,EFAGCKKIFGSLAFLPESFDG
Ser373Thr,EFAGCKKIFGSLAFLPESFDG
Leu374Met,FAGCKKIFGSLAFLPESFDGD
Leu374Pro,FAGCKKIFGSLAFLPESFDGD
Leu374Val,FAGCKKIFGSLAFLPESFDGD
Ala375Gly,AGCKKIFGSLAFLPESFDGDP
Ala375Pro,AGCKKIFGSLAFLPESFDGDP
Ala375Ser,AGCKKIFGSLAFLPESFDGDP
Ala375Thr,AGCKKIFGSLAFLPESFDGDP
Ala375Val,AGCKKIFGSLAFLPESFDGDP
Phe376Ile,GCKKIFGSLAFLPESFDGDPA
Phe376Leu,GCKKIFGSLAFLPESFDGDPA
Phe376Ser,GCKKIFGSLAFLPESFDGDPA
Phe376Val,GCKKIFGSLAFLPESFDGDPA
Leu377Met,CKKIFGSLAFLPESFDGDPAS
Leu377Gln,CKKIFGSLAFLPESFDGDPAS
Leu377Val,CKKIFGSLAFLPESFDGDPAS
Pro378Ala,KKIFGSLAFLPESFDGDPASN
Pro378Leu,KKIFGSLAFLPESFDGDPASN
Pro378Gln,KKIFGSLAFLPESFDGDPASN
Pro378Arg,KKIFGSLAFLPESFDGDPASN
Pro378Ser,KKIFGSLAFLPESFDGDPASN
Pro378Thr,KKIFGSLAFLPESFDGDPASN
Glu379Asp,KIFGSLAFLPESFDGDPASNT
Glu379Gly,KIFGSLAFLPESFDGDPASNT
Glu379Lys,KIFGSLAFLPESFDGDPASNT
Glu379Gln,KIFGSLAFLPESFDGDPASNT
Glu379Val,KIFGSLAFLPESFDGDPASNT
Ser380Cys,IFGSLAFLPESFDGDPASNTA
Ser380Gly,IFGSLAFLPESFDGDPASNTA
Ser380Asn,IFGSLAFLPESFDGDPASNTA
Ser380Arg,IFGSLAFLPESFDGDPASNTA
Ser380Thr,IFGSLAFLPESFDGDPASNTA
Phe381Ile,FGSLAFLPESFDGDPASNTAP
Phe381Leu,FGSLAFLPESFDGDPASNTAP
Phe381Leu,FGSLAFLPESFDGDPASNTAP
Phe381Val,FGSLAFLPESFDGDPASNTAP
Asp382Gly,GSLAFLPESFDGDPASNTAPL
Asp382His,GSLAFLPESFDGDPASNTAPL
Asp382Asn,GSLAFLPESFDGDPASNTAPL
Asp382Val,GSLAFLPESFDGDPASNTAPL
Gly383Ala,SLAFLPESFDGDPASNTAPLQ
Gly383Glu,SLAFLPESFDGDPASNTAPLQ
Gly383Val,SLAFLPESFDGDPASNTAPLQ
Asp384His,LAFLPESFDGDPASNTAPLQP
Asp384Asn,LAFLPESFDGDPASNTAPLQP
Asp384Tyr,LAFLPESFDGDPASNTAPLQP
Pro385Ala,AFLPESFDGDPASNTAPLQPE
Pro385Leu,AFLPESFDGDPASNTAPLQPE
Pro385Ser,AFLPESFDGDPASNTAPLQPE
Pro385Thr,AFLPESFDGDPASNTAPLQPE
Ala386Asp,FLPESFDGDPASNTAPLQPEQ
Ala386Gly,FLPESFDGDPASNTAPLQPEQ
Ala386Pro,FLPESFDGDPASNTAPLQPEQ
Ala386Thr,FLPESFDGDPASNTAPLQPEQ
Ala386Val,FLPESFDGDPASNTAPLQPEQ
Ser387Cys,LPESFDGDPASNTAPLQPEQL
Ser387Phe,LPESFDGDPASNTAPLQPEQL
Ser387Pro,LPESFDGDPASNTAPLQPEQL
Ser387Thr,LPESFDGDPASNTAPLQPEQL
Asn388Asp,PESFDGDPASNTAPLQPEQLQ
Asn388His,PESFDGDPASNTAPLQPEQLQ
Asn388Ile,PESFDGDPASNTAPLQPEQLQ
Asn388Lys,PESFDGDPASNTAPLQPEQLQ
Asn388Ser,PESFDGDPASNTAPLQPEQLQ
Asn388Tyr,PESFDGDPASNTAPLQPEQLQ
Thr389Ala,ESFDGDPASNTAPLQPEQLQV
Thr389Ile,ESFDGDPASNTAPLQPEQLQV
Thr389Asn,ESFDGDPASNTAPLQPEQLQV
Thr389Ser,ESFDGDPASNTAPLQPEQLQV
Ala390Gly,SFDGDPASNTAPLQPEQLQVF
Ala390Thr,SFDGDPASNTAPLQPEQLQVF
Ala390Val,SFDGDPASNTAPLQPEQLQVF
Pro391Ala,FDGDPASNTAPLQPEQLQVFE
Pro391Leu,FDGDPASNTAPLQPEQLQVFE
Pro391Ser,FDGDPASNTAPLQPEQLQVFE
Pro391Thr,FDGDPASNTAPLQPEQLQVFE
Leu392Val,DGDPASNTAPLQPEQLQVFET
Gln393Ter,GDPASNTAPLQPEQLQVFETL
Gln393His,GDPASNTAPLQPEQLQVFETL
Gln393Leu,GDPASNTAPLQPEQLQVFETL
Gln393Arg,GDPASNTAPLQPEQLQVFETL
Pro394Ala,DPASNTAPLQPEQLQVFETLE
Pro394Leu,DPASNTAPLQPEQLQVFETLE
Pro394Gln,DPASNTAPLQPEQLQVFETLE
Pro394Arg,DPASNTAPLQPEQLQVFETLE
Pro394Ser,DPASNTAPLQPEQLQVFETLE
Pro394Thr,DPASNTAPLQPEQLQVFETLE
Glu395Asp,PASNTAPLQPEQLQVFETLEE
Glu395Gly,PASNTAPLQPEQLQVFETLEE
Glu395Lys,PASNTAPLQPEQLQVFETLEE
Glu395Gln,PASNTAPLQPEQLQVFETLEE
Glu395Val,PASNTAPLQPEQLQVFETLEE
Gln396His,ASNTAPLQPEQLQVFETLEEI
Gln396Leu,ASNTAPLQPEQLQVFETLEEI
Gln396Pro,ASNTAPLQPEQLQVFETLEEI
Gln396Arg,ASNTAPLQPEQLQVFETLEEI
Leu397Phe,SNTAPLQPEQLQVFETLEEIT
Leu397Ile,SNTAPLQPEQLQVFETLEEIT
Leu397Val,SNTAPLQPEQLQVFETLEEIT
Gln398Glu,NTAPLQPEQLQVFETLEEITG
Gln398Lys,NTAPLQPEQLQVFETLEEITG
Gln398Arg,NTAPLQPEQLQVFETLEEITG
Val399Ala,TAPLQPEQLQVFETLEEITGY
Val399Glu,TAPLQPEQLQVFETLEEITGY
Val399Gly,TAPLQPEQLQVFETLEEITGY
Val399Met,TAPLQPEQLQVFETLEEITGY
Phe400Cys,APLQPEQLQVFETLEEITGYL
Phe400Ile,APLQPEQLQVFETLEEITGYL
Phe400Leu,APLQPEQLQVFETLEEITGYL
Phe400Leu,APLQPEQLQVFETLEEITGYL
Phe400Ser,APLQPEQLQVFETLEEITGYL
Phe400Val,APLQPEQLQVFETLEEITGYL
Phe400Tyr,APLQPEQLQVFETLEEITGYL
Glu401Asp,PLQPEQLQVFETLEEITGYLY
Glu401Gly,PLQPEQLQVFETLEEITGYLY
Glu401Lys,PLQPEQLQVFETLEEITGYLY
Glu401Gln,PLQPEQLQVFETLEEITGYLY
Glu401Val,PLQPEQLQVFETLEEITGYLY
Thr402Ile,LQPEQLQVFETLEEITGYLYI
Thr402Asn,LQPEQLQVFETLEEITGYLYI
Thr402Ser,LQPEQLQVFETLEEITGYLYI
Thr402Ser,LQPEQLQVFETLEEITGYLYI
Leu403Met,QPEQLQVFETLEEITGYLYIS
Leu403Pro,QPEQLQVFETLEEITGYLYIS
Leu403Val,QPEQLQVFETLEEITGYLYIS
Glu404Asp,PEQLQVFETLEEITGYLYISA
Glu404Gly,PEQLQVFETLEEITGYLYISA
Glu404Lys,PEQLQVFETLEEITGYLYISA
Glu404Gln,PEQLQVFETLEEITGYLYISA
Glu404Val,PEQLQVFETLEEITGYLYISA
Glu405Asp,EQLQVFETLEEITGYLYISAW
Glu405Gly,EQLQVFETLEEITGYLYISAW
Glu405Lys,EQLQVFETLEEITGYLYISAW
Glu405Gln,EQLQVFETLEEITGYLYISAW
Glu405Val,EQLQVFETLEEITGYLYISAW
Ile406Phe,QLQVFETLEEITGYLYISAWP
Ile406Met,QLQVFETLEEITGYLYISAWP
Ile406Asn,QLQVFETLEEITGYLYISAWP
Ile406Ser,QLQVFETLEEITGYLYISAWP
Ile406Thr,QLQVFETLEEITGYLYISAWP
Ile406Val,QLQVFETLEEITGYLYISAWP
Thr407Ala,LQVFETLEEITGYLYISAWPD
Thr407Ile,LQVFETLEEITGYLYISAWPD
Thr407Pro,LQVFETLEEITGYLYISAWPD
Thr407Arg,LQVFETLEEITGYLYISAWPD
Thr407Ser,LQVFETLEEITGYLYISAWPD
Gly408Arg,QVFETLEEITGYLYISAWPDS
Gly408Ser,QVFETLEEITGYLYISAWPDS
Tyr409Phe,VFETLEEITGYLYISAWPDSL
Tyr409Asn,VFETLEEITGYLYISAWPDSL
Tyr409Ser,VFETLEEITGYLYISAWPDSL
Leu410Ile,FETLEEITGYLYISAWPDSLP
Leu410Pro,FETLEEITGYLYISAWPDSLP
Leu410Gln,FETLEEITGYLYISAWPDSLP
Tyr411Cys,ETLEEITGYLYISAWPDSLPD
Tyr411Asp,ETLEEITGYLYISAWPDSLPD
Tyr411Phe,ETLEEITGYLYISAWPDSLPD
Tyr411His,ETLEEITGYLYISAWPDSLPD
Tyr411Asn,ETLEEITGYLYISAWPDSLPD
Tyr411Ser,ETLEEITGYLYISAWPDSLPD
Ile412Met,TLEEITGYLYISAWPDSLPDL
Ile412Asn,TLEEITGYLYISAWPDSLPDL
Ile412Val,TLEEITGYLYISAWPDSLPDL
Ser413Leu,LEEITGYLYISAWPDSLPDLS
Ser413Pro,LEEITGYLYISAWPDSLPDLS
Ser413Thr,LEEITGYLYISAWPDSLPDLS
Ala414Pro,EEITGYLYISAWPDSLPDLSV
Ala414Thr,EEITGYLYISAWPDSLPDLSV
Ala414Val,EEITGYLYISAWPDSLPDLSV
Trp415Cys,EITGYLYISAWPDSLPDLSVF
Trp415Ser,EITGYLYISAWPDSLPDLSVF
Pro416Leu,ITGYLYISAWPDSLPDLSVFQ
Pro416Gln,ITGYLYISAWPDSLPDLSVFQ
Pro416Arg,ITGYLYISAWPDSLPDLSVFQ
Asp417Ala,TGYLYISAWPDSLPDLSVFQN
Asp417Glu,TGYLYISAWPDSLPDLSVFQN
Asp417Gly,TGYLYISAWPDSLPDLSVFQN
Asp417His,TGYLYISAWPDSLPDLSVFQN
Asp417Asn,TGYLYISAWPDSLPDLSVFQN
Asp417Val,TGYLYISAWPDSLPDLSVFQN
Asp417Tyr,TGYLYISAWPDSLPDLSVFQN
Ser418Ile,GYLYISAWPDSLPDLSVFQNL
Ser418Asn,GYLYISAWPDSLPDLSVFQNL
Ser418Arg,GYLYISAWPDSLPDLSVFQNL
Ser418Thr,GYLYISAWPDSLPDLSVFQNL
Leu419Met,YLYISAWPDSLPDLSVFQNLQ
Leu419Pro,YLYISAWPDSLPDLSVFQNLQ
Leu419Gln,YLYISAWPDSLPDLSVFQNLQ
Leu419Arg,YLYISAWPDSLPDLSVFQNLQ
Leu419Val,YLYISAWPDSLPDLSVFQNLQ
Pro420Ala,LYISAWPDSLPDLSVFQNLQV
Pro420Leu,LYISAWPDSLPDLSVFQNLQV
Pro420Arg,LYISAWPDSLPDLSVFQNLQV
Pro420Ser,LYISAWPDSLPDLSVFQNLQV
Pro420Thr,LYISAWPDSLPDLSVFQNLQV
Asp421Ala,YISAWPDSLPDLSVFQNLQVI
Asp421Glu,YISAWPDSLPDLSVFQNLQVI
Asp421Gly,YISAWPDSLPDLSVFQNLQVI
Asp421His,YISAWPDSLPDLSVFQNLQVI
Asp421Asn,YISAWPDSLPDLSVFQNLQVI
Asp421Val,YISAWPDSLPDLSVFQNLQVI
Leu422Phe,ISAWPDSLPDLSVFQNLQVIR
Leu422His,ISAWPDSLPDLSVFQNLQVIR
Leu422Ile,ISAWPDSLPDLSVFQNLQVIR
Leu422Pro,ISAWPDSLPDLSVFQNLQVIR
Ser423Cys,SAWPDSLPDLSVFQNLQVIRG
Ser423Gly,SAWPDSLPDLSVFQNLQVIRG
Ser423Arg,SAWPDSLPDLSVFQNLQVIRG
Ser423Thr,SAWPDSLPDLSVFQNLQVIRG
Val424Ala,AWPDSLPDLSVFQNLQVIRGR
Val424Asp,AWPDSLPDLSVFQNLQVIRGR
Val424Gly,AWPDSLPDLSVFQNLQVIRGR
Val424Ile,AWPDSLPDLSVFQNLQVIRGR
Phe425Ile,WPDSLPDLSVFQNLQVIRGRI
Phe425Leu,WPDSLPDLSVFQNLQVIRGRI
Phe425Val,WPDSLPDLSVFQNLQVIRGRI
Phe425Tyr,WPDSLPDLSVFQNLQVIRGRI
Gln426Glu,PDSLPDLSVFQNLQVIRGRIL
Gln426His,PDSLPDLSVFQNLQVIRGRIL
Gln426Lys,PDSLPDLSVFQNLQVIRGRIL
Gln426Leu,PDSLPDLSVFQNLQVIRGRIL
Gln426Arg,PDSLPDLSVFQNLQVIRGRIL
Asn427Lys,DSLPDLSVFQNLQVIRGRILH
Asn427Tyr,DSLPDLSVFQNLQVIRGRILH
Leu428Met,SLPDLSVFQNLQVIRGRILHN
Leu428Pro,SLPDLSVFQNLQVIRGRILHN
Leu428Gln,SLPDLSVFQNLQVIRGRILHN
Leu428Val,SLPDLSVFQNLQVIRGRILHN
Gln429Glu,LPDLSVFQNLQVIRGRILHNG
Gln429His,LPDLSVFQNLQVIRGRILHNG
Gln429Lys,LPDLSVFQNLQVIRGRILHNG
Val430Ile,PDLSVFQNLQVIRGRILHNGA
Val430Leu,PDLSVFQNLQVIRGRILHNGA
Ile431Phe,DLSVFQNLQVIRGRILHNGAY
Ile431Leu,DLSVFQNLQVIRGRILHNGAY
Ile431Asn,DLSVFQNLQVIRGRILHNGAY
Ile431Ser,DLSVFQNLQVIRGRILHNGAY
Arg432Gln,LSVFQNLQVIRGRILHNGAYS
Arg432Trp,LSVFQNLQVIRGRILHNGAYS
Gly433Ala,SVFQNLQVIRGRILHNGAYSL
Gly433Glu,SVFQNLQVIRGRILHNGAYSL
Gly433Arg,SVFQNLQVIRGRILHNGAYSL
Gly433Val,SVFQNLQVIRGRILHNGAYSL
Arg434Gly,VFQNLQVIRGRILHNGAYSLT
Arg434Pro,VFQNLQVIRGRILHNGAYSLT
Arg434Gln,VFQNLQVIRGRILHNGAYSLT
Ile435Phe,FQNLQVIRGRILHNGAYSLTL
Ile435Met,FQNLQVIRGRILHNGAYSLTL
Ile435Asn,FQNLQVIRGRILHNGAYSLTL
Ile435Ser,FQNLQVIRGRILHNGAYSLTL
Ile435Val,FQNLQVIRGRILHNGAYSLTL
Leu436Met,QNLQVIRGRILHNGAYSLTLQ
Leu436Pro,QNLQVIRGRILHNGAYSLTLQ
Leu436Gln,QNLQVIRGRILHNGAYSLTLQ
Leu436Val,QNLQVIRGRILHNGAYSLTLQ
His437Asp,NLQVIRGRILHNGAYSLTLQG
His437Leu,NLQVIRGRILHNGAYSLTLQG
His437Asn,NLQVIRGRILHNGAYSLTLQG
His437Pro,NLQVIRGRILHNGAYSLTLQG
His437Gln,NLQVIRGRILHNGAYSLTLQG
His437Arg,NLQVIRGRILHNGAYSLTLQG
His437Tyr,NLQVIRGRILHNGAYSLTLQG
Asn438Asp,LQVIRGRILHNGAYSLTLQGL
Asn438Ser,LQVIRGRILHNGAYSLTLQGL
Gly439Ala,QVIRGRILHNGAYSLTLQGLG
Gly439Asp,QVIRGRILHNGAYSLTLQGLG
Gly439Arg,QVIRGRILHNGAYSLTLQGLG
Gly439Ser,QVIRGRILHNGAYSLTLQGLG
Gly439Val,QVIRGRILHNGAYSLTLQGLG
Ala440Asp,VIRGRILHNGAYSLTLQGLGI
Ala440Gly,VIRGRILHNGAYSLTLQGLGI
Ala440Pro,VIRGRILHNGAYSLTLQGLGI
Ala440Ser,VIRGRILHNGAYSLTLQGLGI
Ala440Thr,VIRGRILHNGAYSLTLQGLGI
Ala440Val,VIRGRILHNGAYSLTLQGLGI
Tyr441Cys,IRGRILHNGAYSLTLQGLGIS
Tyr441Phe,IRGRILHNGAYSLTLQGLGIS
Tyr441His,IRGRILHNGAYSLTLQGLGIS
Tyr441Asn,IRGRILHNGAYSLTLQGLGIS
Tyr441Ser,IRGRILHNGAYSLTLQGLGIS
Ser442Leu,RGRILHNGAYSLTLQGLGISW
Ser442Pro,RGRILHNGAYSLTLQGLGISW
Ser442Trp,RGRILHNGAYSLTLQGLGISW
Leu443Val,GRILHNGAYSLTLQGLGISWL
Thr444Ala,RILHNGAYSLTLQGLGISWLG
Thr444Ile,RILHNGAYSLTLQGLGISWLG
Thr444Pro,RILHNGAYSLTLQGLGISWLG
Thr444Ser,RILHNGAYSLTLQGLGISWLG
Thr444Ser,RILHNGAYSLTLQGLGISWLG
Leu445Met,ILHNGAYSLTLQGLGISWLGL
Leu445Pro,ILHNGAYSLTLQGLGISWLGL
Leu445Gln,ILHNGAYSLTLQGLGISWLGL
Leu445Val,ILHNGAYSLTLQGLGISWLGL
Gln446Glu,LHNGAYSLTLQGLGISWLGLR
Gln446Lys,LHNGAYSLTLQGLGISWLGLR
Gln446Leu,LHNGAYSLTLQGLGISWLGLR
Gln446Arg,LHNGAYSLTLQGLGISWLGLR
Gly447Ala,HNGAYSLTLQGLGISWLGLRS
Gly447Glu,HNGAYSLTLQGLGISWLGLRS
Leu448Val,NGAYSLTLQGLGISWLGLRSL
Gly449Ala,GAYSLTLQGLGISWLGLRSLR
Gly449Cys,GAYSLTLQGLGISWLGLRSLR
Gly449Asp,GAYSLTLQGLGISWLGLRSLR
Gly449Arg,GAYSLTLQGLGISWLGLRSLR
Gly449Ser,GAYSLTLQGLGISWLGLRSLR
Gly449Val,GAYSLTLQGLGISWLGLRSLR
Ile450Phe,AYSLTLQGLGISWLGLRSLRE
Ile450Leu,AYSLTLQGLGISWLGLRSLRE
Ile450Met,AYSLTLQGLGISWLGLRSLRE
Ile450Asn,AYSLTLQGLGISWLGLRSLRE
Ile450Ser,AYSLTLQGLGISWLGLRSLRE
Ile450Val,AYSLTLQGLGISWLGLRSLRE
Ser451Cys,YSLTLQGLGISWLGLRSLREL
Ser451Gly,YSLTLQGLGISWLGLRSLREL
Ser451Asn,YSLTLQGLGISWLGLRSLREL
Ser451Arg,YSLTLQGLGISWLGLRSLREL
Ser451Thr,YSLTLQGLGISWLGLRSLREL
Trp452Cys,SLTLQGLGISWLGLRSLRELG
Trp452Arg,SLTLQGLGISWLGLRSLRELG
Trp452Ser,SLTLQGLGISWLGLRSLRELG
Leu453Val,LTLQGLGISWLGLRSLRELGS
Gly454Ala,TLQGLGISWLGLRSLRELGSG
Gly454Glu,TLQGLGISWLGLRSLRELGSG
Gly454Arg,TLQGLGISWLGLRSLRELGSG
Gly454Val,TLQGLGISWLGLRSLRELGSG
Gly454Trp,TLQGLGISWLGLRSLRELGSG
Leu455Pro,LQGLGISWLGLRSLRELGSGL
Leu455Gln,LQGLGISWLGLRSLRELGSGL
Leu455Arg,LQGLGISWLGLRSLRELGSGL
Leu455Val,LQGLGISWLGLRSLRELGSGL
Arg456Cys,QGLGISWLGLRSLRELGSGLA
Arg456Gly,QGLGISWLGLRSLRELGSGLA
Arg456His,QGLGISWLGLRSLRELGSGLA
Arg456Leu,QGLGISWLGLRSLRELGSGLA
Arg456Pro,QGLGISWLGLRSLRELGSGLA
Arg456Ser,QGLGISWLGLRSLRELGSGLA
Ser457Leu,GLGISWLGLRSLRELGSGLAL
Ser457Thr,GLGISWLGLRSLRELGSGLAL
Leu458Met,LGISWLGLRSLRELGSGLALI
Leu458Pro,LGISWLGLRSLRELGSGLALI
Leu458Gln,LGISWLGLRSLRELGSGLALI
Leu458Val,LGISWLGLRSLRELGSGLALI
Arg459Gly,GISWLGLRSLRELGSGLALIH
Arg459Lys,GISWLGLRSLRELGSGLALIH
Arg459Ser,GISWLGLRSLRELGSGLALIH
Arg459Trp,GISWLGLRSLRELGSGLALIH
Glu460Asp,ISWLGLRSLRELGSGLALIHH
Glu460Gly,ISWLGLRSLRELGSGLALIHH
Glu460Lys,ISWLGLRSLRELGSGLALIHH
Glu460Gln,ISWLGLRSLRELGSGLALIHH
Glu460Val,ISWLGLRSLRELGSGLALIHH
Leu461Val,SWLGLRSLRELGSGLALIHHN
Gly462Ala,WLGLRSLRELGSGLALIHHNT
Gly462Cys,WLGLRSLRELGSGLALIHHNT
Gly462Asp,WLGLRSLRELGSGLALIHHNT
Gly462Arg,WLGLRSLRELGSGLALIHHNT
Gly462Ser,WLGLRSLRELGSGLALIHHNT
Gly462Val,WLGLRSLRELGSGLALIHHNT
Ser463Cys,LGLRSLRELGSGLALIHHNTH
Ser463Gly,LGLRSLRELGSGLALIHHNTH
Ser463Ile,LGLRSLRELGSGLALIHHNTH
Gly464Ala,GLRSLRELGSGLALIHHNTHL
Gly464Glu,GLRSLRELGSGLALIHHNTHL
Gly464Arg,GLRSLRELGSGLALIHHNTHL
Gly464Val,GLRSLRELGSGLALIHHNTHL
Leu465Met,LRSLRELGSGLALIHHNTHLC
Leu465Val,LRSLRELGSGLALIHHNTHLC
Ala466Asp,RSLRELGSGLALIHHNTHLCF
Ala466Gly,RSLRELGSGLALIHHNTHLCF
Ala466Pro,RSLRELGSGLALIHHNTHLCF
Ala466Ser,RSLRELGSGLALIHHNTHLCF
Ala466Thr,RSLRELGSGLALIHHNTHLCF
Ala466Val,RSLRELGSGLALIHHNTHLCF
Leu467Phe,SLRELGSGLALIHHNTHLCFV
Leu467His,SLRELGSGLALIHHNTHLCFV
Leu467Ile,SLRELGSGLALIHHNTHLCFV
Leu467Pro,SLRELGSGLALIHHNTHLCFV
Ile468Phe,LRELGSGLALIHHNTHLCFVH
Ile468Leu,LRELGSGLALIHHNTHLCFVH
Ile468Met,LRELGSGLALIHHNTHLCFVH
Ile468Thr,LRELGSGLALIHHNTHLCFVH
His469Asn,RELGSGLALIHHNTHLCFVHT
His469Pro,RELGSGLALIHHNTHLCFVHT
His469Gln,RELGSGLALIHHNTHLCFVHT
His469Tyr,RELGSGLALIHHNTHLCFVHT
His470Asn,ELGSGLALIHHNTHLCFVHTV
His470Gln,ELGSGLALIHHNTHLCFVHTV
His470Arg,ELGSGLALIHHNTHLCFVHTV
His470Tyr,ELGSGLALIHHNTHLCFVHTV
Asn471Asp,LGSGLALIHHNTHLCFVHTVP
Asn471Ile,LGSGLALIHHNTHLCFVHTVP
Asn471Lys,LGSGLALIHHNTHLCFVHTVP
Asn471Ser,LGSGLALIHHNTHLCFVHTVP
Asn471Thr,LGSGLALIHHNTHLCFVHTVP
Thr472Ile,GSGLALIHHNTHLCFVHTVPW
Thr472Asn,GSGLALIHHNTHLCFVHTVPW
Thr472Ser,GSGLALIHHNTHLCFVHTVPW
His473Asp,SGLALIHHNTHLCFVHTVPWD
His473Leu,SGLALIHHNTHLCFVHTVPWD
His473Asn,SGLALIHHNTHLCFVHTVPWD
His473Pro,SGLALIHHNTHLCFVHTVPWD
His473Gln,SGLALIHHNTHLCFVHTVPWD
His473Arg,SGLALIHHNTHLCFVHTVPWD
His473Tyr,SGLALIHHNTHLCFVHTVPWD
Leu474Phe,GLALIHHNTHLCFVHTVPWDQ
Leu474His,GLALIHHNTHLCFVHTVPWDQ
Leu474Ile,GLALIHHNTHLCFVHTVPWDQ
Leu474Pro,GLALIHHNTHLCFVHTVPWDQ
Leu474Val,GLALIHHNTHLCFVHTVPWDQ
Cys475Arg,LALIHHNTHLCFVHTVPWDQL
Cys475Ser,LALIHHNTHLCFVHTVPWDQL
Cys475Ser,LALIHHNTHLCFVHTVPWDQL
Cys475Trp,LALIHHNTHLCFVHTVPWDQL
Cys475Tyr,LALIHHNTHLCFVHTVPWDQL
Phe476Ile,ALIHHNTHLCFVHTVPWDQLF
Phe476Leu,ALIHHNTHLCFVHTVPWDQLF
Phe476Leu,ALIHHNTHLCFVHTVPWDQLF
Phe476Ser,ALIHHNTHLCFVHTVPWDQLF
Phe476Val,ALIHHNTHLCFVHTVPWDQLF
Phe476Tyr,ALIHHNTHLCFVHTVPWDQLF
Val477Ala,LIHHNTHLCFVHTVPWDQLFR
Val477Glu,LIHHNTHLCFVHTVPWDQLFR
Val477Gly,LIHHNTHLCFVHTVPWDQLFR
Val477Leu,LIHHNTHLCFVHTVPWDQLFR
Val477Met,LIHHNTHLCFVHTVPWDQLFR
His478Asp,IHHNTHLCFVHTVPWDQLFRN
His478Leu,IHHNTHLCFVHTVPWDQLFRN
His478Asn,IHHNTHLCFVHTVPWDQLFRN
His478Pro,IHHNTHLCFVHTVPWDQLFRN
His478Gln,IHHNTHLCFVHTVPWDQLFRN
His478Arg,IHHNTHLCFVHTVPWDQLFRN
His478Tyr,IHHNTHLCFVHTVPWDQLFRN
Thr479Met,HHNTHLCFVHTVPWDQLFRNP
Thr479Pro,HHNTHLCFVHTVPWDQLFRNP
Thr479Arg,HHNTHLCFVHTVPWDQLFRNP
Thr479Ser,HHNTHLCFVHTVPWDQLFRNP
Val480Ala,HNTHLCFVHTVPWDQLFRNPH
Val480Glu,HNTHLCFVHTVPWDQLFRNPH
Val480Gly,HNTHLCFVHTVPWDQLFRNPH
Val480Leu,HNTHLCFVHTVPWDQLFRNPH
Val480Met,HNTHLCFVHTVPWDQLFRNPH
Pro481Leu,NTHLCFVHTVPWDQLFRNPHQ
Pro481Thr,NTHLCFVHTVPWDQLFRNPHQ
Trp482Cys,THLCFVHTVPWDQLFRNPHQA
Trp482Ser,THLCFVHTVPWDQLFRNPHQA
Asp483Ala,HLCFVHTVPWDQLFRNPHQAL
Asp483Glu,HLCFVHTVPWDQLFRNPHQAL
Asp483Gly,HLCFVHTVPWDQLFRNPHQAL
Asp483His,HLCFVHTVPWDQLFRNPHQAL
Asp483Asn,HLCFVHTVPWDQLFRNPHQAL
Asp483Tyr,HLCFVHTVPWDQLFRNPHQAL
Gln484Glu,LCFVHTVPWDQLFRNPHQALL
Gln484His,LCFVHTVPWDQLFRNPHQALL
Gln484Leu,LCFVHTVPWDQLFRNPHQALL
Gln484Arg,LCFVHTVPWDQLFRNPHQALL
Leu485Phe,CFVHTVPWDQLFRNPHQALLH
Leu485His,CFVHTVPWDQLFRNPHQALLH
Leu485Ile,CFVHTVPWDQLFRNPHQALLH
Leu485Pro,CFVHTVPWDQLFRNPHQALLH
Leu485Arg,CFVHTVPWDQLFRNPHQALLH
Leu485Val,CFVHTVPWDQLFRNPHQALLH
Phe486Ile,FVHTVPWDQLFRNPHQALLHT
Phe486Ser,FVHTVPWDQLFRNPHQALLHT
Phe486Tyr,FVHTVPWDQLFRNPHQALLHT
Arg487Gly,VHTVPWDQLFRNPHQALLHTA
Arg487Leu,VHTVPWDQLFRNPHQALLHTA
Arg487Pro,VHTVPWDQLFRNPHQALLHTA
Arg487Gln,VHTVPWDQLFRNPHQALLHTA
Arg487Trp,VHTVPWDQLFRNPHQALLHTA
Asn488Asp,HTVPWDQLFRNPHQALLHTAN
Asn488His,HTVPWDQLFRNPHQALLHTAN
Asn488Ile,HTVPWDQLFRNPHQALLHTAN
Asn488Lys,HTVPWDQLFRNPHQALLHTAN
Asn488Ser,HTVPWDQLFRNPHQALLHTAN
Asn488Thr,HTVPWDQLFRNPHQALLHTAN
Asn488Tyr,HTVPWDQLFRNPHQALLHTAN
Pro489Ala,TVPWDQLFRNPHQALLHTANR
Pro489Leu,TVPWDQLFRNPHQALLHTANR
Pro489Gln,TVPWDQLFRNPHQALLHTANR
Pro489Arg,TVPWDQLFRNPHQALLHTANR
Pro489Ser,TVPWDQLFRNPHQALLHTANR
Pro489Thr,TVPWDQLFRNPHQALLHTANR
His490Asp,VPWDQLFRNPHQALLHTANRP
His490Leu,VPWDQLFRNPHQALLHTANRP
His490Asn,VPWDQLFRNPHQALLHTANRP
His490Pro,VPWDQLFRNPHQALLHTANRP
His490Gln,VPWDQLFRNPHQALLHTANRP
His490Arg,VPWDQLFRNPHQALLHTANRP
His490Tyr,VPWDQLFRNPHQALLHTANRP
Gln491Ter,PWDQLFRNPHQALLHTANRPE
Gln491Glu,PWDQLFRNPHQALLHTANRPE
Gln491His,PWDQLFRNPHQALLHTANRPE
Gln491Lys,PWDQLFRNPHQALLHTANRPE
Gln491Leu,PWDQLFRNPHQALLHTANRPE
Ala492Asp,WDQLFRNPHQALLHTANRPED
Ala492Gly,WDQLFRNPHQALLHTANRPED
Ala492Thr,WDQLFRNPHQALLHTANRPED
Ala492Val,WDQLFRNPHQALLHTANRPED
Leu493Pro,DQLFRNPHQALLHTANRPEDE
Leu493Gln,DQLFRNPHQALLHTANRPEDE
Leu493Val,DQLFRNPHQALLHTANRPEDE
Leu494Phe,QLFRNPHQALLHTANRPEDEC
Leu494Ile,QLFRNPHQALLHTANRPEDEC
Leu494Val,QLFRNPHQALLHTANRPEDEC
His495Asp,LFRNPHQALLHTANRPEDECV
His495Leu,LFRNPHQALLHTANRPEDECV
His495Pro,LFRNPHQALLHTANRPEDECV
His495Gln,LFRNPHQALLHTANRPEDECV
Thr496Ala,FRNPHQALLHTANRPEDECVG
Thr496Ile,FRNPHQALLHTANRPEDECVG
Thr496Asn,FRNPHQALLHTANRPEDECVG
Thr496Pro,FRNPHQALLHTANRPEDECVG
Thr496Ser,FRNPHQALLHTANRPEDECVG
Thr496Ser,FRNPHQALLHTANRPEDECVG
Ala497Asp,RNPHQALLHTANRPEDECVGE
Ala497Gly,RNPHQALLHTANRPEDECVGE
Ala497Pro,RNPHQALLHTANRPEDECVGE
Ala497Thr,RNPHQALLHTANRPEDECVGE
Ala497Val,RNPHQALLHTANRPEDECVGE
Asn498Asp,NPHQALLHTANRPEDECVGEG
Asn498His,NPHQALLHTANRPEDECVGEG
Asn498Ile,NPHQALLHTANRPEDECVGEG
Asn498Lys,NPHQALLHTANRPEDECVGEG
Asn498Ser,NPHQALLHTANRPEDECVGEG
Asn498Thr,NPHQALLHTANRPEDECVGEG
Asn498Tyr,NPHQALLHTANRPEDECVGEG
Arg499Gly,PHQALLHTANRPEDECVGEGL
Arg499Leu,PHQALLHTANRPEDECVGEGL
Arg499Pro,PHQALLHTANRPEDECVGEGL
Arg499Gln,PHQALLHTANRPEDECVGEGL
Arg499Trp,PHQALLHTANRPEDECVGEGL
Pro500Ala,HQALLHTANRPEDECVGEGLA
Pro500Leu,HQALLHTANRPEDECVGEGLA
Pro500Arg,HQALLHTANRPEDECVGEGLA
Pro500Ser,HQALLHTANRPEDECVGEGLA
Pro500Thr,HQALLHTANRPEDECVGEGLA
Glu501Gly,QALLHTANRPEDECVGEGLAC
Glu501Lys,QALLHTANRPEDECVGEGLAC
Glu501Gln,QALLHTANRPEDECVGEGLAC
Glu501Val,QALLHTANRPEDECVGEGLAC
Asp502Ala,ALLHTANRPEDECVGEGLACH
Asp502Glu,ALLHTANRPEDECVGEGLACH
Asp502Gly,ALLHTANRPEDECVGEGLACH
Asp502His,ALLHTANRPEDECVGEGLACH
Asp502Asn,ALLHTANRPEDECVGEGLACH
Asp502Val,ALLHTANRPEDECVGEGLACH
Asp502Tyr,ALLHTANRPEDECVGEGLACH
Glu503Asp,LLHTANRPEDECVGEGLACHQ
Glu503Gly,LLHTANRPEDECVGEGLACHQ
Glu503Lys,LLHTANRPEDECVGEGLACHQ
Glu503Gln,LLHTANRPEDECVGEGLACHQ
Glu503Val,LLHTANRPEDECVGEGLACHQ
Cys504Gly,LHTANRPEDECVGEGLACHQL
Cys504Ser,LHTANRPEDECVGEGLACHQL
Cys504Ser,LHTANRPEDECVGEGLACHQL
Cys504Tyr,LHTANRPEDECVGEGLACHQL
Val505Met,HTANRPEDECVGEGLACHQLC
Gly506Cys,TANRPEDECVGEGLACHQLCA
Gly506Arg,TANRPEDECVGEGLACHQLCA
Gly506Ser,TANRPEDECVGEGLACHQLCA
Glu507Ala,ANRPEDECVGEGLACHQLCAR
Glu507Asp,ANRPEDECVGEGLACHQLCAR
Glu507Gly,ANRPEDECVGEGLACHQLCAR
Glu507Lys,ANRPEDECVGEGLACHQLCAR
Glu507Gln,ANRPEDECVGEGLACHQLCAR
Glu507Val,ANRPEDECVGEGLACHQLCAR
Gly508Cys,NRPEDECVGEGLACHQLCARG
Gly508Arg,NRPEDECVGEGLACHQLCARG
Gly508Ser,NRPEDECVGEGLACHQLCARG
Leu509Met,RPEDECVGEGLACHQLCARGH
Leu509Val,RPEDECVGEGLACHQLCARGH
Ala510Gly,PEDECVGEGLACHQLCARGHC
Ala510Thr,PEDECVGEGLACHQLCARGHC
Ala510Val,PEDECVGEGLACHQLCARGHC
Cys511Gly,EDECVGEGLACHQLCARGHCW
Cys511Arg,EDECVGEGLACHQLCARGHCW
Cys511Ser,EDECVGEGLACHQLCARGHCW
Cys511Ser,EDECVGEGLACHQLCARGHCW
His512Leu,DECVGEGLACHQLCARGHCWG
His512Pro,DECVGEGLACHQLCARGHCWG
His512Gln,DECVGEGLACHQLCARGHCWG
His512Arg,DECVGEGLACHQLCARGHCWG
His512Tyr,DECVGEGLACHQLCARGHCWG
Gln513Ter,ECVGEGLACHQLCARGHCWGP
Gln513Glu,ECVGEGLACHQLCARGHCWGP
Gln513His,ECVGEGLACHQLCARGHCWGP
Gln513Lys,ECVGEGLACHQLCARGHCWGP
Gln513Leu,ECVGEGLACHQLCARGHCWGP
Leu514Met,CVGEGLACHQLCARGHCWGPG
Leu514Pro,CVGEGLACHQLCARGHCWGPG
Leu514Gln,CVGEGLACHQLCARGHCWGPG
Leu514Arg,CVGEGLACHQLCARGHCWGPG
Leu514Val,CVGEGLACHQLCARGHCWGPG
Cys515Phe,VGEGLACHQLCARGHCWGPGP
Cys515Gly,VGEGLACHQLCARGHCWGPGP
Cys515Arg,VGEGLACHQLCARGHCWGPGP
Cys515Ser,VGEGLACHQLCARGHCWGPGP
Cys515Ser,VGEGLACHQLCARGHCWGPGP
Cys515Trp,VGEGLACHQLCARGHCWGPGP
Cys515Tyr,VGEGLACHQLCARGHCWGPGP
Ala516Asp,GEGLACHQLCARGHCWGPGPT
Ala516Gly,GEGLACHQLCARGHCWGPGPT
Ala516Pro,GEGLACHQLCARGHCWGPGPT
Ala516Ser,GEGLACHQLCARGHCWGPGPT
Ala516Thr,GEGLACHQLCARGHCWGPGPT
Ala516Val,GEGLACHQLCARGHCWGPGPT
Arg517Gly,EGLACHQLCARGHCWGPGPTQ
Arg517Leu,EGLACHQLCARGHCWGPGPTQ
Arg517Pro,EGLACHQLCARGHCWGPGPTQ
Arg517Gln,EGLACHQLCARGHCWGPGPTQ
Gly518Ala,GLACHQLCARGHCWGPGPTQC
Gly518Glu,GLACHQLCARGHCWGPGPTQC
Gly518Arg,GLACHQLCARGHCWGPGPTQC
Gly518Val,GLACHQLCARGHCWGPGPTQC
Gly518Trp,GLACHQLCARGHCWGPGPTQC
His519Leu,LACHQLCARGHCWGPGPTQCV
His519Pro,LACHQLCARGHCWGPGPTQCV
His519Gln,LACHQLCARGHCWGPGPTQCV
His519Arg,LACHQLCARGHCWGPGPTQCV
Cys520Phe,ACHQLCARGHCWGPGPTQCVN
Cys520Arg,ACHQLCARGHCWGPGPTQCVN
Cys520Ser,ACHQLCARGHCWGPGPTQCVN
Cys520Ser,ACHQLCARGHCWGPGPTQCVN
Cys520Tyr,ACHQLCARGHCWGPGPTQCVN
Trp521Cys,CHQLCARGHCWGPGPTQCVNC
Gly522Ala,HQLCARGHCWGPGPTQCVNCS
Gly522Cys,HQLCARGHCWGPGPTQCVNCS
Gly522Asp,HQLCARGHCWGPGPTQCVNCS
Gly522Arg,HQLCARGHCWGPGPTQCVNCS
Gly522Ser,HQLCARGHCWGPGPTQCVNCS
Gly522Val,HQLCARGHCWGPGPTQCVNCS
Pro523Ala,QLCARGHCWGPGPTQCVNCSQ
Pro523Leu,QLCARGHCWGPGPTQCVNCSQ
Pro523Gln,QLCARGHCWGPGPTQCVNCSQ
Pro523Arg,QLCARGHCWGPGPTQCVNCSQ
Pro523Ser,QLCARGHCWGPGPTQCVNCSQ
Pro523Thr,QLCARGHCWGPGPTQCVNCSQ
Gly524Ala,LCARGHCWGPGPTQCVNCSQF
Gly524Glu,LCARGHCWGPGPTQCVNCSQF
Gly524Arg,LCARGHCWGPGPTQCVNCSQF
Gly524Trp,LCARGHCWGPGPTQCVNCSQF
Pro525Ala,CARGHCWGPGPTQCVNCSQFL
Pro525Ser,CARGHCWGPGPTQCVNCSQFL
Pro525Thr,CARGHCWGPGPTQCVNCSQFL
Thr526Ala,ARGHCWGPGPTQCVNCSQFLR
Thr526Ile,ARGHCWGPGPTQCVNCSQFLR
Thr526Asn,ARGHCWGPGPTQCVNCSQFLR
Thr526Pro,ARGHCWGPGPTQCVNCSQFLR
Thr526Ser,ARGHCWGPGPTQCVNCSQFLR
Gln527Ter,RGHCWGPGPTQCVNCSQFLRG
Gln527Glu,RGHCWGPGPTQCVNCSQFLRG
Gln527His,RGHCWGPGPTQCVNCSQFLRG
Gln527Lys,RGHCWGPGPTQCVNCSQFLRG
Gln527Leu,RGHCWGPGPTQCVNCSQFLRG
Gln527Arg,RGHCWGPGPTQCVNCSQFLRG
Cys528Gly,GHCWGPGPTQCVNCSQFLRGQ
Cys528Ser,GHCWGPGPTQCVNCSQFLRGQ
Cys528Ser,GHCWGPGPTQCVNCSQFLRGQ
Cys528Trp,GHCWGPGPTQCVNCSQFLRGQ
Cys528Tyr,GHCWGPGPTQCVNCSQFLRGQ
Val529Ala,HCWGPGPTQCVNCSQFLRGQE
Val529Asp,HCWGPGPTQCVNCSQFLRGQE
Val529Gly,HCWGPGPTQCVNCSQFLRGQE
Val529Ile,HCWGPGPTQCVNCSQFLRGQE
Val529Leu,HCWGPGPTQCVNCSQFLRGQE
Asn530Ile,CWGPGPTQCVNCSQFLRGQEC
Asn530Lys,CWGPGPTQCVNCSQFLRGQEC
Asn530Ser,CWGPGPTQCVNCSQFLRGQEC
Asn530Thr,CWGPGPTQCVNCSQFLRGQEC
Cys531Gly,WGPGPTQCVNCSQFLRGQECV
Cys531Arg,WGPGPTQCVNCSQFLRGQECV
Cys531Ser,WGPGPTQCVNCSQFLRGQECV
Cys531Ser,WGPGPTQCVNCSQFLRGQECV
Cys531Trp,WGPGPTQCVNCSQFLRGQECV
Cys531Tyr,WGPGPTQCVNCSQFLRGQECV
Ser532Cys,GPGPTQCVNCSQFLRGQECVE
Ser532Gly,GPGPTQCVNCSQFLRGQECVE
Ser532Ile,GPGPTQCVNCSQFLRGQECVE
Ser532Asn,GPGPTQCVNCSQFLRGQECVE
Ser532Arg,GPGPTQCVNCSQFLRGQECVE
Ser532Arg,GPGPTQCVNCSQFLRGQECVE
Ser532Thr,GPGPTQCVNCSQFLRGQECVE
Gln533Glu,PGPTQCVNCSQFLRGQECVEE
Gln533His,PGPTQCVNCSQFLRGQECVEE
Gln533Lys,PGPTQCVNCSQFLRGQECVEE
Gln533Leu,PGPTQCVNCSQFLRGQECVEE
Phe534Cys,GPTQCVNCSQFLRGQECVEEC
Phe534Ile,GPTQCVNCSQFLRGQECVEEC
Phe534Leu,GPTQCVNCSQFLRGQECVEEC
Phe534Leu,GPTQCVNCSQFLRGQECVEEC
Phe534Val,GPTQCVNCSQFLRGQECVEEC
Phe534Tyr,GPTQCVNCSQFLRGQECVEEC
Leu535Phe,PTQCVNCSQFLRGQECVEECR
Leu535His,PTQCVNCSQFLRGQECVEECR
Leu535Pro,PTQCVNCSQFLRGQECVEECR
Leu535Arg,PTQCVNCSQFLRGQECVEECR
Arg536Leu,TQCVNCSQFLRGQECVEECRV
Arg536Pro,TQCVNCSQFLRGQECVEECRV
Arg536Gln,TQCVNCSQFLRGQECVEECRV
Arg536Trp,TQCVNCSQFLRGQECVEECRV
Gly537Cys,QCVNCSQFLRGQECVEECRVL
Gly537Arg,QCVNCSQFLRGQECVEECRVL
Gly537Ser,QCVNCSQFLRGQECVEECRVL
Gln538Glu,CVNCSQFLRGQECVEECRVLQ
Gln538His,CVNCSQFLRGQECVEECRVLQ
Gln538Lys,CVNCSQFLRGQECVEECRVLQ
Gln538Leu,CVNCSQFLRGQECVEECRVLQ
Gln538Arg,CVNCSQFLRGQECVEECRVLQ
Glu539Asp,VNCSQFLRGQECVEECRVLQG
Glu539Gly,VNCSQFLRGQECVEECRVLQG
Glu539Lys,VNCSQFLRGQECVEECRVLQG
Glu539Gln,VNCSQFLRGQECVEECRVLQG
Glu539Val,VNCSQFLRGQECVEECRVLQG
Cys540Gly,NCSQFLRGQECVEECRVLQGL
Cys540Arg,NCSQFLRGQECVEECRVLQGL
Cys540Ser,NCSQFLRGQECVEECRVLQGL
Cys540Ser,NCSQFLRGQECVEECRVLQGL
Cys540Trp,NCSQFLRGQECVEECRVLQGL
Cys540Tyr,NCSQFLRGQECVEECRVLQGL
Val541Glu,CSQFLRGQECVEECRVLQGLP
Val541Gly,CSQFLRGQECVEECRVLQGLP
Val541Leu,CSQFLRGQECVEECRVLQGLP
Val541Met,CSQFLRGQECVEECRVLQGLP
Glu542Gly,SQFLRGQECVEECRVLQGLPR
Glu542Lys,SQFLRGQECVEECRVLQGLPR
Glu542Gln,SQFLRGQECVEECRVLQGLPR
Glu542Val,SQFLRGQECVEECRVLQGLPR
Glu543Asp,QFLRGQECVEECRVLQGLPRE
Glu543Lys,QFLRGQECVEECRVLQGLPRE
Glu543Gln,QFLRGQECVEECRVLQGLPRE
Glu543Val,QFLRGQECVEECRVLQGLPRE
Cys544Gly,FLRGQECVEECRVLQGLPREY
Cys544Ser,FLRGQECVEECRVLQGLPREY
Cys544Ser,FLRGQECVEECRVLQGLPREY
Cys544Trp,FLRGQECVEECRVLQGLPREY
Cys544Tyr,FLRGQECVEECRVLQGLPREY
Arg545Gly,LRGQECVEECRVLQGLPREYV
Arg545Leu,LRGQECVEECRVLQGLPREYV
Arg545Pro,LRGQECVEECRVLQGLPREYV
Arg545Gln,LRGQECVEECRVLQGLPREYV
Val546Ala,RGQECVEECRVLQGLPREYVN
Val546Glu,RGQECVEECRVLQGLPREYVN
Val546Gly,RGQECVEECRVLQGLPREYVN
Val546Ile,RGQECVEECRVLQGLPREYVN
Val546Leu,RGQECVEECRVLQGLPREYVN
Leu547Gln,GQECVEECRVLQGLPREYVNA
Leu547Val,GQECVEECRVLQGLPREYVNA
Gln548Glu,QECVEECRVLQGLPREYVNAR
Gln548His,QECVEECRVLQGLPREYVNAR
Gln548Lys,QECVEECRVLQGLPREYVNAR
Gly549Ala,ECVEECRVLQGLPREYVNARH
Gly549Glu,ECVEECRVLQGLPREYVNARH
Gly549Arg,ECVEECRVLQGLPREYVNARH
Gly549Trp,ECVEECRVLQGLPREYVNARH
Leu550Phe,CVEECRVLQGLPREYVNARHC
Leu550Ile,CVEECRVLQGLPREYVNARHC
Leu550Val,CVEECRVLQGLPREYVNARHC
Pro551Ala,VEECRVLQGLPREYVNARHCL
Pro551His,VEECRVLQGLPREYVNARHCL
Pro551Leu,VEECRVLQGLPREYVNARHCL
Pro551Arg,VEECRVLQGLPREYVNARHCL
Pro551Ser,VEECRVLQGLPREYVNARHCL
Pro551Thr,VEECRVLQGLPREYVNARHCL
Arg552Gly,EECRVLQGLPREYVNARHCLP
Arg552Lys,EECRVLQGLPREYVNARHCLP
Arg552Met,EECRVLQGLPREYVNARHCLP
Arg552Ser,EECRVLQGLPREYVNARHCLP
Arg552Thr,EECRVLQGLPREYVNARHCLP
Arg552Trp,EECRVLQGLPREYVNARHCLP
Glu553Asp,ECRVLQGLPREYVNARHCLPC
Glu553Gly,ECRVLQGLPREYVNARHCLPC
Glu553Lys,ECRVLQGLPREYVNARHCLPC
Glu553Gln,ECRVLQGLPREYVNARHCLPC
Glu553Val,ECRVLQGLPREYVNARHCLPC
Tyr554Cys,CRVLQGLPREYVNARHCLPCH
Tyr554Asp,CRVLQGLPREYVNARHCLPCH
Tyr554Phe,CRVLQGLPREYVNARHCLPCH
Tyr554His,CRVLQGLPREYVNARHCLPCH
Tyr554Asn,CRVLQGLPREYVNARHCLPCH
Tyr554Ser,CRVLQGLPREYVNARHCLPCH
Val555Ala,RVLQGLPREYVNARHCLPCHP
Val555Glu,RVLQGLPREYVNARHCLPCHP
Val555Gly,RVLQGLPREYVNARHCLPCHP
Val555Leu,RVLQGLPREYVNARHCLPCHP
Val555Met,RVLQGLPREYVNARHCLPCHP
Asn556Asp,VLQGLPREYVNARHCLPCHPE
Asn556Ile,VLQGLPREYVNARHCLPCHPE
Asn556Lys,VLQGLPREYVNARHCLPCHPE
Asn556Ser,VLQGLPREYVNARHCLPCHPE
Asn556Thr,VLQGLPREYVNARHCLPCHPE
Asn556Tyr,VLQGLPREYVNARHCLPCHPE
Ala557Asp,LQGLPREYVNARHCLPCHPEC
Ala557Gly,LQGLPREYVNARHCLPCHPEC
Ala557Val,LQGLPREYVNARHCLPCHPEC
Arg558Gly,QGLPREYVNARHCLPCHPECQ
Arg558Lys,QGLPREYVNARHCLPCHPECQ
Arg558Ser,QGLPREYVNARHCLPCHPECQ
Arg558Thr,QGLPREYVNARHCLPCHPECQ
Arg558Trp,QGLPREYVNARHCLPCHPECQ
His559Asp,GLPREYVNARHCLPCHPECQP
His559Leu,GLPREYVNARHCLPCHPECQP
His559Asn,GLPREYVNARHCLPCHPECQP
His559Pro,GLPREYVNARHCLPCHPECQP
His559Gln,GLPREYVNARHCLPCHPECQP
His559Arg,GLPREYVNARHCLPCHPECQP
His559Tyr,GLPREYVNARHCLPCHPECQP
Cys560Arg,LPREYVNARHCLPCHPECQPQ
Cys560Ser,LPREYVNARHCLPCHPECQPQ
Cys560Ser,LPREYVNARHCLPCHPECQPQ
Cys560Trp,LPREYVNARHCLPCHPECQPQ
Cys560Tyr,LPREYVNARHCLPCHPECQPQ
Leu561Phe,PREYVNARHCLPCHPECQPQN
Leu561Met,PREYVNARHCLPCHPECQPQN
Leu561Val,PREYVNARHCLPCHPECQPQN
Pro562Ala,REYVNARHCLPCHPECQPQNG
Pro562Leu,REYVNARHCLPCHPECQPQNG
Pro562Gln,REYVNARHCLPCHPECQPQNG
Pro562Arg,REYVNARHCLPCHPECQPQNG
Pro562Ser,REYVNARHCLPCHPECQPQNG
Pro562Thr,REYVNARHCLPCHPECQPQNG
Cys563Gly,EYVNARHCLPCHPECQPQNGS
Cys563Arg,EYVNARHCLPCHPECQPQNGS
Cys563Ser,EYVNARHCLPCHPECQPQNGS
Cys563Trp,EYVNARHCLPCHPECQPQNGS
His564Asp,YVNARHCLPCHPECQPQNGSV
His564Leu,YVNARHCLPCHPECQPQNGSV
His564Pro,YVNARHCLPCHPECQPQNGSV
His564Gln,YVNARHCLPCHPECQPQNGSV
His564Arg,YVNARHCLPCHPECQPQNGSV
His564Tyr,YVNARHCLPCHPECQPQNGSV
Pro565Ala,VNARHCLPCHPECQPQNGSVT
Pro565His,VNARHCLPCHPECQPQNGSVT
Pro565Leu,VNARHCLPCHPECQPQNGSVT
Pro565Arg,VNARHCLPCHPECQPQNGSVT
Pro565Ser,VNARHCLPCHPECQPQNGSVT
Pro565Thr,VNARHCLPCHPECQPQNGSVT
Glu566Asp,NARHCLPCHPECQPQNGSVTC
Glu566Gly,NARHCLPCHPECQPQNGSVTC
Glu566Lys,NARHCLPCHPECQPQNGSVTC
Glu566Gln,NARHCLPCHPECQPQNGSVTC
Glu566Val,NARHCLPCHPECQPQNGSVTC
Cys567Phe,ARHCLPCHPECQPQNGSVTCF
Cys567Gly,ARHCLPCHPECQPQNGSVTCF
Cys567Arg,ARHCLPCHPECQPQNGSVTCF
Cys567Ser,ARHCLPCHPECQPQNGSVTCF
Cys567Ser,ARHCLPCHPECQPQNGSVTCF
Cys567Trp,ARHCLPCHPECQPQNGSVTCF
Cys567Tyr,ARHCLPCHPECQPQNGSVTCF
Gln568Ter,RHCLPCHPECQPQNGSVTCFG
Gln568Glu,RHCLPCHPECQPQNGSVTCFG
Gln568Leu,RHCLPCHPECQPQNGSVTCFG
Gln568Arg,RHCLPCHPECQPQNGSVTCFG
Pro569Ala,HCLPCHPECQPQNGSVTCFGP
Pro569His,HCLPCHPECQPQNGSVTCFGP
Pro569Leu,HCLPCHPECQPQNGSVTCFGP
Pro569Arg,HCLPCHPECQPQNGSVTCFGP
Pro569Ser,HCLPCHPECQPQNGSVTCFGP
Pro569Thr,HCLPCHPECQPQNGSVTCFGP
Gln570Glu,CLPCHPECQPQNGSVTCFGPE
Gln570His,CLPCHPECQPQNGSVTCFGPE
Gln570Leu,CLPCHPECQPQNGSVTCFGPE
Gln570Arg,CLPCHPECQPQNGSVTCFGPE
Asn571Asp,LPCHPECQPQNGSVTCFGPEA
Asn571His,LPCHPECQPQNGSVTCFGPEA
Asn571Ile,LPCHPECQPQNGSVTCFGPEA
Asn571Lys,LPCHPECQPQNGSVTCFGPEA
Asn571Ser,LPCHPECQPQNGSVTCFGPEA
Asn571Thr,LPCHPECQPQNGSVTCFGPEA
Gly572Ala,PCHPECQPQNGSVTCFGPEAD
Gly572Asp,PCHPECQPQNGSVTCFGPEAD
Gly572Arg,PCHPECQPQNGSVTCFGPEAD
Gly572Ser,PCHPECQPQNGSVTCFGPEAD
Gly572Val,PCHPECQPQNGSVTCFGPEAD
Ser573Leu,CHPECQPQNGSVTCFGPEADQ
Ser573Pro,CHPECQPQNGSVTCFGPEADQ
Val574Glu,HPECQPQNGSVTCFGPEADQC
Val574Leu,HPECQPQNGSVTCFGPEADQC
Val574Met,HPECQPQNGSVTCFGPEADQC
Thr575Ala,PECQPQNGSVTCFGPEADQCV
Thr575Ile,PECQPQNGSVTCFGPEADQCV
Thr575Asn,PECQPQNGSVTCFGPEADQCV
Thr575Pro,PECQPQNGSVTCFGPEADQCV
Thr575Ser,PECQPQNGSVTCFGPEADQCV
Thr575Ser,PECQPQNGSVTCFGPEADQCV
Cys576Arg,ECQPQNGSVTCFGPEADQCVA
Cys576Ser,ECQPQNGSVTCFGPEADQCVA
Cys576Trp,ECQPQNGSVTCFGPEADQCVA
Cys576Tyr,ECQPQNGSVTCFGPEADQCVA
Phe577Cys,CQPQNGSVTCFGPEADQCVAC
Phe577Ile,CQPQNGSVTCFGPEADQCVAC
Phe577Leu,CQPQNGSVTCFGPEADQCVAC
Phe577Tyr,CQPQNGSVTCFGPEADQCVAC
Gly578Ter,QPQNGSVTCFGPEADQCVACA
Gly578Ala,QPQNGSVTCFGPEADQCVACA
Gly578Glu,QPQNGSVTCFGPEADQCVACA
Gly578Arg,QPQNGSVTCFGPEADQCVACA
Gly578Val,QPQNGSVTCFGPEADQCVACA
Pro579Ala,PQNGSVTCFGPEADQCVACAH
Pro579Leu,PQNGSVTCFGPEADQCVACAH
Pro579Gln,PQNGSVTCFGPEADQCVACAH
Pro579Arg,PQNGSVTCFGPEADQCVACAH
Pro579Ser,PQNGSVTCFGPEADQCVACAH
Glu580Ala,QNGSVTCFGPEADQCVACAHY
Glu580Asp,QNGSVTCFGPEADQCVACAHY
Glu580Gly,QNGSVTCFGPEADQCVACAHY
Glu580Lys,QNGSVTCFGPEADQCVACAHY
Glu580Gln,QNGSVTCFGPEADQCVACAHY
Glu580Val,QNGSVTCFGPEADQCVACAHY
Ala581Gly,NGSVTCFGPEADQCVACAHYK
Ala581Pro,NGSVTCFGPEADQCVACAHYK
Ala581Thr,NGSVTCFGPEADQCVACAHYK
Ala581Val,NGSVTCFGPEADQCVACAHYK
Asp582Glu,GSVTCFGPEADQCVACAHYKD
Asp582His,GSVTCFGPEADQCVACAHYKD
Asp582Asn,GSVTCFGPEADQCVACAHYKD
Gln583Glu,SVTCFGPEADQCVACAHYKDP
Gln583His,SVTCFGPEADQCVACAHYKDP
Gln583Lys,SVTCFGPEADQCVACAHYKDP
Cys584Gly,VTCFGPEADQCVACAHYKDPP
Cys584Arg,VTCFGPEADQCVACAHYKDPP
Cys584Ser,VTCFGPEADQCVACAHYKDPP
Cys584Ser,VTCFGPEADQCVACAHYKDPP
Cys584Trp,VTCFGPEADQCVACAHYKDPP
Cys584Tyr,VTCFGPEADQCVACAHYKDPP
Val585Glu,TCFGPEADQCVACAHYKDPPF
Val585Met,TCFGPEADQCVACAHYKDPPF
Ala586Gly,CFGPEADQCVACAHYKDPPFC
Ala586Pro,CFGPEADQCVACAHYKDPPFC
Ala586Ser,CFGPEADQCVACAHYKDPPFC
Ala586Thr,CFGPEADQCVACAHYKDPPFC
Ala586Val,CFGPEADQCVACAHYKDPPFC
Cys587Arg,FGPEADQCVACAHYKDPPFCV
Cys587Ser,FGPEADQCVACAHYKDPPFCV
Cys587Ser,FGPEADQCVACAHYKDPPFCV
Cys587Trp,FGPEADQCVACAHYKDPPFCV
Cys587Tyr,FGPEADQCVACAHYKDPPFCV
Ala588Gly,GPEADQCVACAHYKDPPFCVA
Ala588Val,GPEADQCVACAHYKDPPFCVA
His589Asp,PEADQCVACAHYKDPPFCVAR
His589Asn,PEADQCVACAHYKDPPFCVAR
His589Gln,PEADQCVACAHYKDPPFCVAR
His589Tyr,PEADQCVACAHYKDPPFCVAR
Tyr590Phe,EADQCVACAHYKDPPFCVARC
Tyr590His,EADQCVACAHYKDPPFCVARC
Tyr590Asn,EADQCVACAHYKDPPFCVARC
Tyr590Ser,EADQCVACAHYKDPPFCVARC
Lys591Met,ADQCVACAHYKDPPFCVARCP
Lys591Asn,ADQCVACAHYKDPPFCVARCP
Lys591Arg,ADQCVACAHYKDPPFCVARCP
Asp592Ala,DQCVACAHYKDPPFCVARCPS
Asp592Glu,DQCVACAHYKDPPFCVARCPS
Asp592Gly,DQCVACAHYKDPPFCVARCPS
Asp592His,DQCVACAHYKDPPFCVARCPS
Asp592Asn,DQCVACAHYKDPPFCVARCPS
Asp592Val,DQCVACAHYKDPPFCVARCPS
Pro593Ala,QCVACAHYKDPPFCVARCPSG
Pro593Leu,QCVACAHYKDPPFCVARCPSG
Pro593Ser,QCVACAHYKDPPFCVARCPSG
Pro594Ala,CVACAHYKDPPFCVARCPSGV
Pro594His,CVACAHYKDPPFCVARCPSGV
Pro594Leu,CVACAHYKDPPFCVARCPSGV
Pro594Arg,CVACAHYKDPPFCVARCPSGV
Pro594Ser,CVACAHYKDPPFCVARCPSGV
Pro594Thr,CVACAHYKDPPFCVARCPSGV
Phe595Cys,VACAHYKDPPFCVARCPSGVK
Phe595Ile,VACAHYKDPPFCVARCPSGVK
Phe595Leu,VACAHYKDPPFCVARCPSGVK
Cys596Phe,ACAHYKDPPFCVARCPSGVKP
Cys596Arg,ACAHYKDPPFCVARCPSGVKP
Cys596Ser,ACAHYKDPPFCVARCPSGVKP
Cys596Trp,ACAHYKDPPFCVARCPSGVKP
Cys596Tyr,ACAHYKDPPFCVARCPSGVKP
Val597Leu,CAHYKDPPFCVARCPSGVKPD
Val597Met,CAHYKDPPFCVARCPSGVKPD
Ala598Asp,AHYKDPPFCVARCPSGVKPDL
Ala598Gly,AHYKDPPFCVARCPSGVKPDL
Ala598Pro,AHYKDPPFCVARCPSGVKPDL
Ala598Thr,AHYKDPPFCVARCPSGVKPDL
Ala598Val,AHYKDPPFCVARCPSGVKPDL
Arg599Cys,HYKDPPFCVARCPSGVKPDLS
Arg599Gly,HYKDPPFCVARCPSGVKPDLS
Arg599His,HYKDPPFCVARCPSGVKPDLS
Arg599Pro,HYKDPPFCVARCPSGVKPDLS
Arg599Ser,HYKDPPFCVARCPSGVKPDLS
Cys600Trp,YKDPPFCVARCPSGVKPDLSY
Cys600Tyr,YKDPPFCVARCPSGVKPDLSY
Pro601Ala,KDPPFCVARCPSGVKPDLSYM
Pro601Leu,KDPPFCVARCPSGVKPDLSYM
Pro601Thr,KDPPFCVARCPSGVKPDLSYM
Ser602Cys,DPPFCVARCPSGVKPDLSYMP
Ser602Gly,DPPFCVARCPSGVKPDLSYMP
Ser602Asn,DPPFCVARCPSGVKPDLSYMP
Ser602Arg,DPPFCVARCPSGVKPDLSYMP
Ser602Thr,DPPFCVARCPSGVKPDLSYMP
Gly603Ala,PPFCVARCPSGVKPDLSYMPI
Gly603Asp,PPFCVARCPSGVKPDLSYMPI
Gly603Ser,PPFCVARCPSGVKPDLSYMPI
Gly603Val,PPFCVARCPSGVKPDLSYMPI
Val604Leu,PFCVARCPSGVKPDLSYMPIW
Val604Met,PFCVARCPSGVKPDLSYMPIW
Lys605Ile,FCVARCPSGVKPDLSYMPIWK
Lys605Asn,FCVARCPSGVKPDLSYMPIWK
Lys605Arg,FCVARCPSGVKPDLSYMPIWK
Lys605Thr,FCVARCPSGVKPDLSYMPIWK
Pro606Ala,CVARCPSGVKPDLSYMPIWKF
Pro606His,CVARCPSGVKPDLSYMPIWKF
Pro606Leu,CVARCPSGVKPDLSYMPIWKF
Pro606Ser,CVARCPSGVKPDLSYMPIWKF
Pro606Thr,CVARCPSGVKPDLSYMPIWKF
Asp607Ala,VARCPSGVKPDLSYMPIWKFP
Asp607Glu,VARCPSGVKPDLSYMPIWKFP
Asp607Gly,VARCPSGVKPDLSYMPIWKFP
Asp607His,VARCPSGVKPDLSYMPIWKFP
Asp607Asn,VARCPSGVKPDLSYMPIWKFP
Asp607Val,VARCPSGVKPDLSYMPIWKFP
Leu608Phe,ARCPSGVKPDLSYMPIWKFPD
Leu608His,ARCPSGVKPDLSYMPIWKFPD
Leu608Ile,ARCPSGVKPDLSYMPIWKFPD
Leu608Pro,ARCPSGVKPDLSYMPIWKFPD
Ser609Cys,RCPSGVKPDLSYMPIWKFPDE
Ser609Phe,RCPSGVKPDLSYMPIWKFPDE
Tyr610Phe,CPSGVKPDLSYMPIWKFPDEE
Tyr610His,CPSGVKPDLSYMPIWKFPDEE
Tyr610Ser,CPSGVKPDLSYMPIWKFPDEE
Met611Lys,PSGVKPDLSYMPIWKFPDEEG
Met611Thr,PSGVKPDLSYMPIWKFPDEEG
Met611Val,PSGVKPDLSYMPIWKFPDEEG
Pro612Ala,SGVKPDLSYMPIWKFPDEEGA
Pro612His,SGVKPDLSYMPIWKFPDEEGA
Pro612Leu,SGVKPDLSYMPIWKFPDEEGA
Pro612Arg,SGVKPDLSYMPIWKFPDEEGA
Pro612Ser,SGVKPDLSYMPIWKFPDEEGA
Pro612Thr,SGVKPDLSYMPIWKFPDEEGA
Ile613Phe,GVKPDLSYMPIWKFPDEEGAC
Ile613Leu,GVKPDLSYMPIWKFPDEEGAC
Ile613Met,GVKPDLSYMPIWKFPDEEGAC
Ile613Ser,GVKPDLSYMPIWKFPDEEGAC
Ile613Val,GVKPDLSYMPIWKFPDEEGAC
Trp614Ter,VKPDLSYMPIWKFPDEEGACQ
Trp614Cys,VKPDLSYMPIWKFPDEEGACQ
Trp614Ser,VKPDLSYMPIWKFPDEEGACQ
Lys615Glu,KPDLSYMPIWKFPDEEGACQP
Lys615Met,KPDLSYMPIWKFPDEEGACQP
Lys615Arg,KPDLSYMPIWKFPDEEGACQP
Lys615Thr,KPDLSYMPIWKFPDEEGACQP
Phe616Ile,PDLSYMPIWKFPDEEGACQPC
Phe616Leu,PDLSYMPIWKFPDEEGACQPC
Phe616Leu,PDLSYMPIWKFPDEEGACQPC
Phe616Tyr,PDLSYMPIWKFPDEEGACQPC
Pro617Ala,DLSYMPIWKFPDEEGACQPCP
Pro617Leu,DLSYMPIWKFPDEEGACQPCP
Pro617Gln,DLSYMPIWKFPDEEGACQPCP
Pro617Arg,DLSYMPIWKFPDEEGACQPCP
Pro617Ser,DLSYMPIWKFPDEEGACQPCP
Pro617Thr,DLSYMPIWKFPDEEGACQPCP
Asp618Gly,LSYMPIWKFPDEEGACQPCPI
Asp618His,LSYMPIWKFPDEEGACQPCPI
Asp618Asn,LSYMPIWKFPDEEGACQPCPI
Asp618Val,LSYMPIWKFPDEEGACQPCPI
Glu619Gly,SYMPIWKFPDEEGACQPCPIN
Glu619Val,SYMPIWKFPDEEGACQPCPIN
Glu620Asp,YMPIWKFPDEEGACQPCPINC
Glu620Gly,YMPIWKFPDEEGACQPCPINC
Glu620Lys,YMPIWKFPDEEGACQPCPINC
Glu620Gln,YMPIWKFPDEEGACQPCPINC
Glu620Val,YMPIWKFPDEEGACQPCPINC
Gly621Ala,MPIWKFPDEEGACQPCPINCT
Gly621Asp,MPIWKFPDEEGACQPCPINCT
Gly621Arg,MPIWKFPDEEGACQPCPINCT
Gly621Ser,MPIWKFPDEEGACQPCPINCT
Ala622Glu,PIWKFPDEEGACQPCPINCTH
Ala622Gly,PIWKFPDEEGACQPCPINCTH
Ala622Pro,PIWKFPDEEGACQPCPINCTH
Ala622Thr,PIWKFPDEEGACQPCPINCTH
Ala622Val,PIWKFPDEEGACQPCPINCTH
Cys623Ser,IWKFPDEEGACQPCPINCTHS
Cys623Trp,IWKFPDEEGACQPCPINCTHS
Gln624Glu,WKFPDEEGACQPCPINCTHSC
Gln624His,WKFPDEEGACQPCPINCTHSC
Gln624Lys,WKFPDEEGACQPCPINCTHSC
Gln624Leu,WKFPDEEGACQPCPINCTHSC
Gln624Pro,WKFPDEEGACQPCPINCTHSC
Gln624Arg,WKFPDEEGACQPCPINCTHSC
Pro625Ala,KFPDEEGACQPCPINCTHSCV
Pro625His,KFPDEEGACQPCPINCTHSCV
Pro625Leu,KFPDEEGACQPCPINCTHSCV
Pro625Arg,KFPDEEGACQPCPINCTHSCV
Pro625Ser,KFPDEEGACQPCPINCTHSCV
Pro625Thr,KFPDEEGACQPCPINCTHSCV
Cys626Ter,FPDEEGACQPCPINCTHSCVD
Cys626Trp,FPDEEGACQPCPINCTHSCVD
Pro627His,PDEEGACQPCPINCTHSCVDL
Pro627Leu,PDEEGACQPCPINCTHSCVDL
Pro627Arg,PDEEGACQPCPINCTHSCVDL
Pro627Ser,PDEEGACQPCPINCTHSCVDL
Ile628Phe,DEEGACQPCPINCTHSCVDLD
Ile628Leu,DEEGACQPCPINCTHSCVDLD
Ile628Met,DEEGACQPCPINCTHSCVDLD
Ile628Ser,DEEGACQPCPINCTHSCVDLD
Ile628Val,DEEGACQPCPINCTHSCVDLD
Asn629Asp,EEGACQPCPINCTHSCVDLDD
Asn629His,EEGACQPCPINCTHSCVDLDD
Asn629Ile,EEGACQPCPINCTHSCVDLDD
Asn629Lys,EEGACQPCPINCTHSCVDLDD
Asn629Ser,EEGACQPCPINCTHSCVDLDD
Asn629Thr,EEGACQPCPINCTHSCVDLDD
Asn629Tyr,EEGACQPCPINCTHSCVDLDD
Cys630Ser,EGACQPCPINCTHSCVDLDDK
Cys630Ser,EGACQPCPINCTHSCVDLDDK
Cys630Tyr,EGACQPCPINCTHSCVDLDDK
Thr631Ile,GACQPCPINCTHSCVDLDDKG
Thr631Asn,GACQPCPINCTHSCVDLDDKG
Thr631Ser,GACQPCPINCTHSCVDLDDKG
Thr631Ser,GACQPCPINCTHSCVDLDDKG
His632Asp,ACQPCPINCTHSCVDLDDKGC
His632Leu,ACQPCPINCTHSCVDLDDKGC
His632Asn,ACQPCPINCTHSCVDLDDKGC
His632Pro,ACQPCPINCTHSCVDLDDKGC
His632Arg,ACQPCPINCTHSCVDLDDKGC
His632Tyr,ACQPCPINCTHSCVDLDDKGC
Ser633Cys,CQPCPINCTHSCVDLDDKGCP
Ser633Phe,CQPCPINCTHSCVDLDDKGCP
Ser633Thr,CQPCPINCTHSCVDLDDKGCP
Ser633Tyr,CQPCPINCTHSCVDLDDKGCP
Cys634Ser,QPCPINCTHSCVDLDDKGCPA
Cys634Tyr,QPCPINCTHSCVDLDDKGCPA
Val635Leu,PCPINCTHSCVDLDDKGCPAE
Val635Met,PCPINCTHSCVDLDDKGCPAE
Asp636Glu,CPINCTHSCVDLDDKGCPAEQ
Asp636His,CPINCTHSCVDLDDKGCPAEQ
Asp636Val,CPINCTHSCVDLDDKGCPAEQ
Asp636Tyr,CPINCTHSCVDLDDKGCPAEQ
Leu637Met,PINCTHSCVDLDDKGCPAEQR
Asp638Glu,INCTHSCVDLDDKGCPAEQRA
Asp638Gly,INCTHSCVDLDDKGCPAEQRA
Asp638His,INCTHSCVDLDDKGCPAEQRA
Asp638Asn,INCTHSCVDLDDKGCPAEQRA
Asp638Tyr,INCTHSCVDLDDKGCPAEQRA
Asp639Gly,NCTHSCVDLDDKGCPAEQRAS
Asp639His,NCTHSCVDLDDKGCPAEQRAS
Asp639Asn,NCTHSCVDLDDKGCPAEQRAS
Asp639Val,NCTHSCVDLDDKGCPAEQRAS
Lys640Glu,CTHSCVDLDDKGCPAEQRASP
Lys640Met,CTHSCVDLDDKGCPAEQRASP
Lys640Asn,CTHSCVDLDDKGCPAEQRASP
Lys640Arg,CTHSCVDLDDKGCPAEQRASP
Gly641Ala,THSCVDLDDKGCPAEQRASPL
Gly641Asp,THSCVDLDDKGCPAEQRASPL
Gly641Arg,THSCVDLDDKGCPAEQRASPL
Gly641Ser,THSCVDLDDKGCPAEQRASPL
Cys642Ser,HSCVDLDDKGCPAEQRASPLT
Cys642Trp,HSCVDLDDKGCPAEQRASPLT
Pro643Leu,SCVDLDDKGCPAEQRASPLTS
Pro643Arg,SCVDLDDKGCPAEQRASPLTS
Pro643Ser,SCVDLDDKGCPAEQRASPLTS
Ala644Gly,CVDLDDKGCPAEQRASPLTSI
Ala644Pro,CVDLDDKGCPAEQRASPLTSI
Ala644Thr,CVDLDDKGCPAEQRASPLTSI
Ala644Val,CVDLDDKGCPAEQRASPLTSI
Glu645Asp,VDLDDKGCPAEQRASPLTSII
Glu645Gly,VDLDDKGCPAEQRASPLTSII
Glu645Lys,VDLDDKGCPAEQRASPLTSII
Glu645Gln,VDLDDKGCPAEQRASPLTSII
Glu645Val,VDLDDKGCPAEQRASPLTSII
